Id,Creation Time,Owner,Tags,logs/missingness,logs/seed,logs/imputation,logs/company,logs/smape (last),Running Time,properties/data
EX2-284,2021-08-08 10:00:58,mavantwout,"[""4-year"",""20-step-ahead"",""20-predictions"",""seed8"",""single_run"",""shifted30"",""2D-prediction""]",985,8,globalmean,KO,0.007145504510489284,352.346,/home/nfs/mavantwout/thesis_datasets/Dataset3/Missing985/KO_Shifted_30ahead_m985.csv
EX2-282,2021-08-08 09:55:05,mavantwout,"[""4-year"",""20-step-ahead"",""20-predictions"",""single_run"",""shifted30"",""2D-prediction"",""seed7""]",985,7,globalmean,KO,0.03264928312148872,351.676,/home/nfs/mavantwout/thesis_datasets/Dataset3/Missing985/KO_Shifted_30ahead_m985.csv
EX2-279,2021-08-08 09:43:35,mavantwout,"[""seed5"",""4-year"",""shifted30"",""20-predictions"",""single_run"",""20-step-ahead"",""2D-prediction""]",90,5,forwardfill,KO,0.006939269784508319,368.061,/home/nfs/mavantwout/thesis_datasets/Dataset3/Missing90/KO_Shifted_30ahead_m90.csv
EX2-278,2021-08-08 09:43:19,mavantwout,"[""4-year"",""seed5"",""20-step-ahead"",""20-predictions"",""single_run"",""shifted30"",""2D-prediction""]",985,5,globalmean,KO,0.0067992906881376184,351.894,/home/nfs/mavantwout/thesis_datasets/Dataset3/Missing985/KO_Shifted_30ahead_m985.csv
EX2-277,2021-08-08 09:37:21,mavantwout,"[""4-year"",""seed4"",""20-step-ahead"",""20-predictions"",""single_run"",""shifted30"",""2D-prediction""]",985,4,globalmean,KO,0.006397434789352322,352.224,/home/nfs/mavantwout/thesis_datasets/Dataset3/Missing985/KO_Shifted_30ahead_m985.csv
EX2-276,2021-08-08 09:37:21,mavantwout,"[""seed4"",""4-year"",""shifted30"",""20-predictions"",""single_run"",""20-step-ahead"",""2D-prediction""]",90,4,forwardfill,KO,0.005942951816640641,373.221,/home/nfs/mavantwout/thesis_datasets/Dataset3/Missing90/KO_Shifted_30ahead_m90.csv
EX2-268,2021-08-04 19:38:29,mavantwout,"[""single_run"",""shifted30"",""4-year"",""20-step-ahead"",""20-predictions"",""seed4"",""2D-prediction""]",985,4,linearfit260,KO,0.00601210766111481,352.373,/home/nfs/mavantwout/thesis_datasets/Dataset3/Missing985/KO_Shifted_30ahead_m985.csv
EX2-267,2021-08-04 19:35:17,mavantwout,"[""single_run"",""4-year"",""seed4"",""shifted30"",""2D-prediction"",""20-predictions"",""20-step-ahead""]",985,4,meanlast260,KO,0.006007698518677459,337.234,/home/nfs/mavantwout/thesis_datasets/Dataset3/Missing985/KO_Shifted_30ahead_m985.csv
EX2-266,2021-08-04 19:35:15,mavantwout,"[""4-year"",""20-predictions"",""seed4"",""20-step-ahead"",""2D-prediction"",""shifted30"",""single_run""]",985,4,cubicfit260,KO,0.0066409090133513204,327.104,/home/nfs/mavantwout/thesis_datasets/Dataset3/Missing985/KO_Shifted_30ahead_m985.csv
EX2-265,2021-08-04 19:32:34,mavantwout,"[""seed3"",""single_run"",""shifted30"",""4-year"",""20-step-ahead"",""20-predictions"",""2D-prediction""]",985,3,linearfit260,KO,0.0062028573586119075,353.517,/home/nfs/mavantwout/thesis_datasets/Dataset3/Missing985/KO_Shifted_30ahead_m985.csv
EX2-264,2021-08-04 19:31:19,mavantwout,"[""shifted30"",""2D-prediction"",""single_run"",""seed4"",""4-year"",""20-predictions"",""20-step-ahead""]",985,4,forwardfill,KO,0.007110383690771735,321.245,/home/nfs/mavantwout/thesis_datasets/Dataset3/Missing985/KO_Shifted_30ahead_m985.csv
EX2-263,2021-08-04 19:29:48,mavantwout,"[""4-year"",""20-predictions"",""20-step-ahead"",""2D-prediction"",""shifted30"",""seed3"",""single_run""]",985,3,cubicfit260,KO,0.006182802532376358,326.34,/home/nfs/mavantwout/thesis_datasets/Dataset3/Missing985/KO_Shifted_30ahead_m985.csv
EX2-262,2021-08-04 19:29:43,mavantwout,"[""seed4"",""20-step-ahead"",""20-predictions"",""4-year"",""shifted30"",""2D-prediction"",""single_run""]",90,4,linearfit260,KO,0.010257580830221581,336.253,/home/nfs/mavantwout/thesis_datasets/Dataset3/Missing90/KO_Shifted_30ahead_m90.csv
EX2-261,2021-08-04 19:29:41,mavantwout,"[""seed4"",""shifted30"",""single_run"",""20-predictions"",""20-step-ahead"",""2D-prediction"",""4-year""]",90,4,cubicfit260,KO,0.04115032647476803,316.613,/home/nfs/mavantwout/thesis_datasets/Dataset3/Missing90/KO_Shifted_30ahead_m90.csv
EX2-260,2021-08-04 19:29:40,mavantwout,"[""single_run"",""4-year"",""seed3"",""shifted30"",""2D-prediction"",""20-predictions"",""20-step-ahead""]",985,3,meanlast260,KO,0.00781456290674303,336.44,/home/nfs/mavantwout/thesis_datasets/Dataset3/Missing985/KO_Shifted_30ahead_m985.csv
EX2-259,2021-08-04 19:28:42,mavantwout,"[""seed4"",""shifted30"",""2D-prediction"",""4-year"",""20-predictions"",""single_run"",""20-step-ahead""]",90,4,meanlast260,KO,0.032002577026141135,287.499,/home/nfs/mavantwout/thesis_datasets/Dataset3/Missing90/KO_Shifted_30ahead_m90.csv
EX2-258,2021-08-04 19:26:42,mavantwout,"[""single_run"",""shifted30"",""seed2"",""4-year"",""20-step-ahead"",""20-predictions"",""2D-prediction""]",985,2,linearfit260,KO,0.006629842795942485,351.373,/home/nfs/mavantwout/thesis_datasets/Dataset3/Missing985/KO_Shifted_30ahead_m985.csv
EX2-257,2021-08-04 19:25:57,mavantwout,"[""shifted30"",""2D-prediction"",""single_run"",""seed3"",""4-year"",""20-predictions"",""20-step-ahead""]",985,3,forwardfill,KO,0.009455716335428818,321.298,/home/nfs/mavantwout/thesis_datasets/Dataset3/Missing985/KO_Shifted_30ahead_m985.csv
EX2-256,2021-08-04 19:24:40,mavantwout,"[""seed4"",""shifted30"",""2D-prediction"",""20-step-ahead"",""20-predictions"",""4-year"",""single_run""]",90,4,globalmean,KO,0.00692256813320489,302.45,/home/nfs/mavantwout/thesis_datasets/Dataset3/Missing90/KO_Shifted_30ahead_m90.csv
EX2-255,2021-08-04 19:24:24,mavantwout,"[""seed3"",""shifted30"",""single_run"",""20-predictions"",""20-step-ahead"",""2D-prediction"",""4-year""]",90,3,cubicfit260,KO,0.015797020751980397,316.245,/home/nfs/mavantwout/thesis_datasets/Dataset3/Missing90/KO_Shifted_30ahead_m90.csv
EX2-254,2021-08-04 19:24:21,mavantwout,"[""4-year"",""20-predictions"",""20-step-ahead"",""seed2"",""2D-prediction"",""shifted30"",""single_run""]",985,2,cubicfit260,KO,0.0067349187738901,326.186,/home/nfs/mavantwout/thesis_datasets/Dataset3/Missing985/KO_Shifted_30ahead_m985.csv
EX2-253,2021-08-04 19:24:11,mavantwout,"[""20-step-ahead"",""20-predictions"",""seed3"",""4-year"",""shifted30"",""2D-prediction"",""single_run""]",90,3,linearfit260,KO,0.007470938979144079,331.62,/home/nfs/mavantwout/thesis_datasets/Dataset3/Missing90/KO_Shifted_30ahead_m90.csv
EX2-252,2021-08-04 19:24:02,mavantwout,"[""seed2"",""single_run"",""4-year"",""shifted30"",""2D-prediction"",""20-predictions"",""20-step-ahead""]",985,2,meanlast260,KO,0.005974341243412643,336.794,/home/nfs/mavantwout/thesis_datasets/Dataset3/Missing985/KO_Shifted_30ahead_m985.csv
EX2-251,2021-08-04 19:23:55,mavantwout,"[""shifted30"",""2D-prediction"",""4-year"",""20-predictions"",""single_run"",""20-step-ahead"",""seed3""]",90,3,meanlast260,KO,0.007199728545306966,286.501,/home/nfs/mavantwout/thesis_datasets/Dataset3/Missing90/KO_Shifted_30ahead_m90.csv
EX2-249,2021-08-04 19:21:22,mavantwout,"[""2D-prediction"",""shifted30"",""seed4"",""4-year"",""20-step-ahead"",""single_run"",""20-predictions""]",33,4,linearfit260,KO,0.0064838686632273015,301.426,/home/nfs/mavantwout/thesis_datasets/Dataset3/Missing33/KO_Shifted_30ahead_m33.csv
EX2-248,2021-08-04 19:20:49,mavantwout,"[""single_run"",""shifted30"",""seed1"",""4-year"",""20-step-ahead"",""20-predictions"",""2D-prediction""]",985,1,linearfit260,KO,0.0071668626355036544,351.802,/home/nfs/mavantwout/thesis_datasets/Dataset3/Missing985/KO_Shifted_30ahead_m985.csv
EX2-246,2021-08-04 19:20:30,mavantwout,"[""shifted30"",""2D-prediction"",""single_run"",""4-year"",""seed2"",""20-predictions"",""20-step-ahead""]",985,2,forwardfill,KO,0.005961758804663646,326.483,/home/nfs/mavantwout/thesis_datasets/Dataset3/Missing985/KO_Shifted_30ahead_m985.csv
EX2-245,2021-08-04 19:19:56,mavantwout,"[""20-step-ahead"",""4-year"",""single_run"",""20-predictions"",""shifted30"",""seed4"",""2D-prediction""]",33,4,meanlast260,KO,0.006440389465670121,317.131,/home/nfs/mavantwout/thesis_datasets/Dataset3/Missing33/KO_Shifted_30ahead_m33.csv
EX2-244,2021-08-04 19:19:34,mavantwout,"[""seed3"",""shifted30"",""2D-prediction"",""20-step-ahead"",""20-predictions"",""4-year"",""single_run""]",90,3,globalmean,KO,0.00602758045254637,306.38,/home/nfs/mavantwout/thesis_datasets/Dataset3/Missing90/KO_Shifted_30ahead_m90.csv
EX2-243,2021-08-04 19:19:03,mavantwout,"[""seed2"",""shifted30"",""single_run"",""20-predictions"",""20-step-ahead"",""2D-prediction"",""4-year""]",90,2,cubicfit260,KO,0.006481152834112612,316.32,/home/nfs/mavantwout/thesis_datasets/Dataset3/Missing90/KO_Shifted_30ahead_m90.csv
EX2-242,2021-08-04 19:18:46,mavantwout,"[""4-year"",""20-predictions"",""20-step-ahead"",""2D-prediction"",""shifted30"",""seed1"",""single_run""]",985,1,cubicfit260,KO,0.008498459991306514,332.636,/home/nfs/mavantwout/thesis_datasets/Dataset3/Missing985/KO_Shifted_30ahead_m985.csv
EX2-241,2021-08-04 19:18:33,mavantwout,"[""single_run"",""4-year"",""20-step-ahead"",""20-predictions"",""shifted30"",""seed4"",""2D-prediction""]",33,4,globalmean,KO,0.006854604887066705,337.379,/home/nfs/mavantwout/thesis_datasets/Dataset3/Missing33/KO_Shifted_30ahead_m33.csv
EX2-240,2021-08-04 19:18:33,mavantwout,"[""20-step-ahead"",""20-predictions"",""4-year"",""shifted30"",""seed2"",""2D-prediction"",""single_run""]",90,2,linearfit260,KO,0.008665334310476492,337.597,/home/nfs/mavantwout/thesis_datasets/Dataset3/Missing90/KO_Shifted_30ahead_m90.csv
EX2-239,2021-08-04 19:18:24,mavantwout,"[""seed1"",""single_run"",""4-year"",""shifted30"",""2D-prediction"",""20-predictions"",""20-step-ahead""]",985,1,meanlast260,KO,0.006882733679653068,337.18,/home/nfs/mavantwout/thesis_datasets/Dataset3/Missing985/KO_Shifted_30ahead_m985.csv
EX2-238,2021-08-04 19:18:03,mavantwout,"[""seed2"",""shifted30"",""2D-prediction"",""4-year"",""20-predictions"",""single_run"",""20-step-ahead""]",90,2,meanlast260,KO,0.0059776769338198334,351.561,/home/nfs/mavantwout/thesis_datasets/Dataset3/Missing90/KO_Shifted_30ahead_m90.csv
EX2-237,2021-08-04 19:17:44,mavantwout,"[""single_run"",""2D-prediction"",""4-year"",""shifted30"",""seed3"",""20-predictions"",""20-step-ahead""]",33,3,cubicfit260,KO,0.006751158136077853,306.46,/home/nfs/mavantwout/thesis_datasets/Dataset3/Missing33/KO_Shifted_30ahead_m33.csv
EX2-236,2021-08-04 19:16:54,mavantwout,"[""4-year"",""20-predictions"",""6D-prediction"",""shifted30"",""20-step-ahead"",""seed4"",""single_run""]",985,4,5_imputations_combined,KO,0.006660973188143163,341.088,/home/nfs/mavantwout/thesis_datasets/Dataset3/Missing985/KO_Shifted_30ahead_m985.csv
EX2-235,2021-08-04 19:16:54,mavantwout,"[""shifted30"",""20-step-ahead"",""seed4"",""20-predictions"",""single_run"",""2D-prediction"",""4-year""]",33,4,forwardfill,KO,0.00614943104473051,346.284,/home/nfs/mavantwout/thesis_datasets/Dataset3/Missing33/KO_Shifted_30ahead_m33.csv
EX2-233,2021-08-04 19:16:20,mavantwout,"[""2D-prediction"",""shifted30"",""4-year"",""20-step-ahead"",""seed3"",""single_run"",""20-predictions""]",33,3,linearfit260,KO,0.007274175705262646,302.072,/home/nfs/mavantwout/thesis_datasets/Dataset3/Missing33/KO_Shifted_30ahead_m33.csv
EX2-232,2021-08-04 19:15:04,mavantwout,"[""20-step-ahead"",""20-predictions"",""4-year"",""2D-prediction"",""seed2"",""single_run"",""shifted30""]",90,2,forwardfill,KO,0.006765822138256564,326.464,/home/nfs/mavantwout/thesis_datasets/Dataset3/Missing90/KO_Shifted_30ahead_m90.csv
EX2-231,2021-08-04 19:15:02,mavantwout,"[""shifted30"",""2D-prediction"",""seed1"",""single_run"",""4-year"",""20-predictions"",""20-step-ahead""]",985,1,forwardfill,KO,0.006224372050879197,326.842,/home/nfs/mavantwout/thesis_datasets/Dataset3/Missing985/KO_Shifted_30ahead_m985.csv
EX2-230,2021-08-04 19:14:51,mavantwout,"[""6D-prediction"",""seed4"",""20-predictions"",""20-step-ahead"",""single_run"",""4-year"",""shifted30""]",90,4,5_imputations_combined,KO,0.006022375352767858,316.849,/home/nfs/mavantwout/thesis_datasets/Dataset3/Missing90/KO_Shifted_30ahead_m90.csv
EX2-229,2021-08-04 19:14:47,mavantwout,"[""seed4"",""single_run"",""20-predictions"",""6D-prediction"",""4-year"",""20-step-ahead"",""shifted30""]",33,4,5_imputations_combined,KO,0.011595032189913573,322.126,/home/nfs/mavantwout/thesis_datasets/Dataset3/Missing33/KO_Shifted_30ahead_m33.csv
EX2-228,2021-08-04 19:14:36,mavantwout,"[""single_run"",""shifted30"",""4-year"",""20-step-ahead"",""seed0"",""20-predictions"",""2D-prediction""]",985,0,linearfit260,KO,0.033665318132741505,366.657,/home/nfs/mavantwout/thesis_datasets/Dataset3/Missing985/KO_Shifted_30ahead_m985.csv
EX2-227,2021-08-04 19:14:30,mavantwout,"[""shifted30"",""seed2"",""2D-prediction"",""20-step-ahead"",""20-predictions"",""4-year"",""single_run""]",90,2,globalmean,KO,0.011157455042156225,302.732,/home/nfs/mavantwout/thesis_datasets/Dataset3/Missing90/KO_Shifted_30ahead_m90.csv
EX2-226,2021-08-04 19:14:04,mavantwout,"[""20-step-ahead"",""4-year"",""single_run"",""20-predictions"",""shifted30"",""seed3"",""2D-prediction""]",33,3,meanlast260,KO,0.0059997487081156365,351.091,/home/nfs/mavantwout/thesis_datasets/Dataset3/Missing33/KO_Shifted_30ahead_m33.csv
EX2-225,2021-08-04 19:13:36,mavantwout,"[""shifted30"",""single_run"",""20-predictions"",""20-step-ahead"",""seed1"",""2D-prediction"",""4-year""]",90,1,cubicfit260,KO,0.005902509527481508,326.353,/home/nfs/mavantwout/thesis_datasets/Dataset3/Missing90/KO_Shifted_30ahead_m90.csv
EX2-224,2021-08-04 19:13:08,mavantwout,"[""seed0"",""4-year"",""20-predictions"",""20-step-ahead"",""2D-prediction"",""shifted30"",""single_run""]",985,0,cubicfit260,KO,0.007313536150182602,337.004,/home/nfs/mavantwout/thesis_datasets/Dataset3/Missing985/KO_Shifted_30ahead_m985.csv
EX2-223,2021-08-04 19:13:01,mavantwout,"[""single_run"",""4-year"",""20-step-ahead"",""20-predictions"",""shifted30"",""2D-prediction"",""seed3""]",33,3,globalmean,KO,0.006797456776481863,326.696,/home/nfs/mavantwout/thesis_datasets/Dataset3/Missing33/KO_Shifted_30ahead_m33.csv
EX2-222,2021-08-04 19:13:00,mavantwout,"[""20-step-ahead"",""20-predictions"",""4-year"",""shifted30"",""2D-prediction"",""single_run"",""seed1""]",90,1,linearfit260,KO,0.006692354353009638,331.712,/home/nfs/mavantwout/thesis_datasets/Dataset3/Missing90/KO_Shifted_30ahead_m90.csv
EX2-221,2021-08-04 19:12:51,mavantwout,"[""single_run"",""4-year"",""shifted30"",""2D-prediction"",""20-predictions"",""seed0"",""20-step-ahead""]",985,0,meanlast260,KO,0.03193204153560954,332.153,/home/nfs/mavantwout/thesis_datasets/Dataset3/Missing985/KO_Shifted_30ahead_m985.csv
EX2-220,2021-08-04 19:12:37,mavantwout,"[""seed2"",""single_run"",""2D-prediction"",""4-year"",""shifted30"",""20-predictions"",""20-step-ahead""]",33,2,cubicfit260,KO,0.006224474556463972,306.072,/home/nfs/mavantwout/thesis_datasets/Dataset3/Missing33/KO_Shifted_30ahead_m33.csv
EX2-219,2021-08-04 19:12:29,mavantwout,"[""shifted30"",""2D-prediction"",""4-year"",""20-predictions"",""single_run"",""20-step-ahead"",""seed1""]",90,1,meanlast260,KO,0.006885312519309514,332.789,/home/nfs/mavantwout/thesis_datasets/Dataset3/Missing90/KO_Shifted_30ahead_m90.csv
EX2-218,2021-08-04 19:11:42,mavantwout,"[""seed3"",""shifted30"",""20-step-ahead"",""20-predictions"",""single_run"",""2D-prediction"",""4-year""]",33,3,forwardfill,KO,0.006007214705013304,311.562,/home/nfs/mavantwout/thesis_datasets/Dataset3/Missing33/KO_Shifted_30ahead_m33.csv
EX2-217,2021-08-04 19:11:38,mavantwout,"[""4-year"",""20-predictions"",""6D-prediction"",""shifted30"",""20-step-ahead"",""single_run"",""seed3""]",985,3,5_imputations_combined,KO,0.007179512764549409,311.503,/home/nfs/mavantwout/thesis_datasets/Dataset3/Missing985/KO_Shifted_30ahead_m985.csv
EX2-216,2021-08-04 19:11:16,mavantwout,"[""2D-prediction"",""shifted30"",""seed2"",""4-year"",""20-step-ahead"",""single_run"",""20-predictions""]",33,2,linearfit260,KO,0.0062018255905902046,302.986,/home/nfs/mavantwout/thesis_datasets/Dataset3/Missing33/KO_Shifted_30ahead_m33.csv
EX2-215,2021-08-04 19:11:03,mavantwout,"[""20-step-ahead"",""shifted30"",""single_run"",""4-year"",""seed0"",""20-predictions"",""2D-prediction""]",985,0,globalmean,KO,0.02382527009985837,321.2,/home/nfs/mavantwout/thesis_datasets/Dataset3/Missing985/KO_Shifted_30ahead_m985.csv
EX2-214,2021-08-04 19:09:37,mavantwout,"[""20-step-ahead"",""seed1"",""20-predictions"",""4-year"",""2D-prediction"",""single_run"",""shifted30""]",90,1,forwardfill,KO,0.0073625576809940975,326.644,/home/nfs/mavantwout/thesis_datasets/Dataset3/Missing90/KO_Shifted_30ahead_m90.csv
EX2-213,2021-08-04 19:09:33,mavantwout,"[""6D-prediction"",""seed3"",""20-predictions"",""20-step-ahead"",""single_run"",""4-year"",""shifted30""]",90,3,5_imputations_combined,KO,0.006857199010422454,317.865,/home/nfs/mavantwout/thesis_datasets/Dataset3/Missing90/KO_Shifted_30ahead_m90.csv
EX2-212,2021-08-04 19:09:33,mavantwout,"[""shifted30"",""2D-prediction"",""20-step-ahead"",""20-predictions"",""4-year"",""single_run"",""seed1""]",90,1,globalmean,KO,0.006338527615875947,297.652,/home/nfs/mavantwout/thesis_datasets/Dataset3/Missing90/KO_Shifted_30ahead_m90.csv
EX2-211,2021-08-04 19:09:26,mavantwout,"[""seed0"",""shifted30"",""2D-prediction"",""single_run"",""4-year"",""20-predictions"",""20-step-ahead""]",985,0,forwardfill,KO,0.00867567441875707,335.595,/home/nfs/mavantwout/thesis_datasets/Dataset3/Missing985/KO_Shifted_30ahead_m985.csv
EX2-210,2021-08-04 19:09:24,mavantwout,"[""single_run"",""20-predictions"",""6D-prediction"",""4-year"",""seed3"",""20-step-ahead"",""shifted30""]",33,3,5_imputations_combined,KO,0.006328073248916792,321.968,/home/nfs/mavantwout/thesis_datasets/Dataset3/Missing33/KO_Shifted_30ahead_m33.csv
EX2-209,2021-08-04 19:08:47,mavantwout,"[""single_run"",""shifted30"",""2D-prediction"",""20-step-ahead"",""20-predictions"",""4-year"",""seed4""]",33,4,forwardfill,MSFT,0.02656530158890975,311.686,/home/nfs/mavantwout/thesis_datasets/Dataset3/Missing33/MSFT_Shifted_30ahead_m33.csv
EX2-208,2021-08-04 19:08:41,mavantwout,"[""20-step-ahead"",""seed2"",""4-year"",""single_run"",""20-predictions"",""shifted30"",""2D-prediction""]",33,2,meanlast260,KO,0.006214998109891774,322.466,/home/nfs/mavantwout/thesis_datasets/Dataset3/Missing33/KO_Shifted_30ahead_m33.csv
EX2-207,2021-08-04 19:08:13,mavantwout,"[""shifted30"",""single_run"",""20-predictions"",""20-step-ahead"",""seed0"",""2D-prediction"",""4-year""]",90,0,cubicfit260,KO,0.008653704078952319,321.69,/home/nfs/mavantwout/thesis_datasets/Dataset3/Missing90/KO_Shifted_30ahead_m90.csv
EX2-206,2021-08-04 19:07:29,mavantwout,"[""single_run"",""2D-prediction"",""4-year"",""shifted30"",""seed1"",""20-predictions"",""20-step-ahead""]",33,1,cubicfit260,KO,0.006885394731144278,306.466,/home/nfs/mavantwout/thesis_datasets/Dataset3/Missing33/KO_Shifted_30ahead_m33.csv
EX2-205,2021-08-04 19:07:24,mavantwout,"[""single_run"",""4-year"",""20-step-ahead"",""20-predictions"",""shifted30"",""seed2"",""2D-prediction""]",33,2,globalmean,KO,0.0065545157333725835,337.353,/home/nfs/mavantwout/thesis_datasets/Dataset3/Missing33/KO_Shifted_30ahead_m33.csv
EX2-204,2021-08-04 19:07:17,mavantwout,"[""seed0"",""20-step-ahead"",""20-predictions"",""4-year"",""shifted30"",""2D-prediction"",""single_run""]",90,0,linearfit260,KO,0.04446673664017726,337.537,/home/nfs/mavantwout/thesis_datasets/Dataset3/Missing90/KO_Shifted_30ahead_m90.csv
EX2-203,2021-08-04 19:06:46,mavantwout,"[""shifted30"",""2D-prediction"",""4-year"",""20-predictions"",""seed0"",""single_run"",""20-step-ahead""]",90,0,meanlast260,KO,0.007661030432428939,342.789,/home/nfs/mavantwout/thesis_datasets/Dataset3/Missing90/KO_Shifted_30ahead_m90.csv
EX2-202,2021-08-04 19:06:30,mavantwout,"[""4-year"",""20-predictions"",""6D-prediction"",""shifted30"",""seed2"",""20-step-ahead"",""single_run""]",985,2,5_imputations_combined,KO,0.006347370458650722,306.379,/home/nfs/mavantwout/thesis_datasets/Dataset3/Missing985/KO_Shifted_30ahead_m985.csv
EX2-201,2021-08-04 19:06:30,mavantwout,"[""shifted30"",""20-step-ahead"",""seed2"",""20-predictions"",""single_run"",""2D-prediction"",""4-year""]",33,2,forwardfill,KO,0.00619096750306109,312.096,/home/nfs/mavantwout/thesis_datasets/Dataset3/Missing33/KO_Shifted_30ahead_m33.csv
EX2-200,2021-08-04 19:06:08,mavantwout,"[""2D-prediction"",""shifted30"",""seed1"",""4-year"",""20-step-ahead"",""single_run"",""20-predictions""]",33,1,linearfit260,KO,0.0064731548862968615,307.447,/home/nfs/mavantwout/thesis_datasets/Dataset3/Missing33/KO_Shifted_30ahead_m33.csv
EX2-199,2021-08-04 19:04:25,mavantwout,"[""shifted30"",""2D-prediction"",""20-step-ahead"",""20-predictions"",""4-year"",""single_run"",""seed0""]",90,0,globalmean,KO,0.006415820130442404,307.704,/home/nfs/mavantwout/thesis_datasets/Dataset3/Missing90/KO_Shifted_30ahead_m90.csv
EX2-198,2021-08-04 19:04:15,mavantwout,"[""6D-prediction"",""20-predictions"",""20-step-ahead"",""single_run"",""4-year"",""shifted30"",""seed2""]",90,2,5_imputations_combined,KO,0.007250724882204076,316.566,/home/nfs/mavantwout/thesis_datasets/Dataset3/Missing90/KO_Shifted_30ahead_m90.csv
EX2-197,2021-08-04 19:03:54,mavantwout,"[""20-step-ahead"",""20-predictions"",""4-year"",""2D-prediction"",""single_run"",""shifted30"",""seed0""]",90,0,forwardfill,KO,0.0069849015578762694,342.176,/home/nfs/mavantwout/thesis_datasets/Dataset3/Missing90/KO_Shifted_30ahead_m90.csv
EX2-196,2021-08-04 19:03:52,mavantwout,"[""single_run"",""20-predictions"",""6D-prediction"",""4-year"",""seed2"",""20-step-ahead"",""shifted30""]",33,2,5_imputations_combined,KO,0.007236632956170305,331.228,/home/nfs/mavantwout/thesis_datasets/Dataset3/Missing33/KO_Shifted_30ahead_m33.csv
EX2-195,2021-08-04 19:03:34,mavantwout,"[""single_run"",""shifted30"",""2D-prediction"",""20-step-ahead"",""20-predictions"",""seed3"",""4-year""]",33,3,forwardfill,MSFT,0.06225387565798135,311.803,/home/nfs/mavantwout/thesis_datasets/Dataset3/Missing33/MSFT_Shifted_30ahead_m33.csv
EX2-194,2021-08-04 19:03:22,mavantwout,"[""20-step-ahead"",""seed1"",""4-year"",""single_run"",""20-predictions"",""shifted30"",""2D-prediction""]",33,1,meanlast260,KO,0.006854508465660644,318.481,/home/nfs/mavantwout/thesis_datasets/Dataset3/Missing33/KO_Shifted_30ahead_m33.csv
EX2-193,2021-08-04 19:02:18,mavantwout,"[""seed0"",""single_run"",""2D-prediction"",""4-year"",""shifted30"",""20-predictions"",""20-step-ahead""]",33,0,cubicfit260,KO,0.006890677794074379,306.473,/home/nfs/mavantwout/thesis_datasets/Dataset3/Missing33/KO_Shifted_30ahead_m33.csv
EX2-192,2021-08-04 19:01:46,mavantwout,"[""single_run"",""4-year"",""20-step-ahead"",""20-predictions"",""shifted30"",""seed1"",""2D-prediction""]",33,1,globalmean,KO,0.00599700042010744,337.286,/home/nfs/mavantwout/thesis_datasets/Dataset3/Missing33/KO_Shifted_30ahead_m33.csv
EX2-191,2021-08-04 19:01:23,mavantwout,"[""seed1"",""shifted30"",""20-step-ahead"",""20-predictions"",""single_run"",""2D-prediction"",""4-year""]",33,1,forwardfill,KO,0.00823224375912757,307.024,/home/nfs/mavantwout/thesis_datasets/Dataset3/Missing33/KO_Shifted_30ahead_m33.csv
EX2-190,2021-08-04 19:01:23,mavantwout,"[""4-year"",""20-predictions"",""6D-prediction"",""shifted30"",""seed1"",""20-step-ahead"",""single_run""]",985,1,5_imputations_combined,KO,0.013759051857551368,306.974,/home/nfs/mavantwout/thesis_datasets/Dataset3/Missing985/KO_Shifted_30ahead_m985.csv
EX2-189,2021-08-04 19:00:56,mavantwout,"[""2D-prediction"",""shifted30"",""seed0"",""4-year"",""20-step-ahead"",""single_run"",""20-predictions""]",33,0,linearfit260,KO,0.006589229005936255,311.854,/home/nfs/mavantwout/thesis_datasets/Dataset3/Missing33/KO_Shifted_30ahead_m33.csv
EX2-188,2021-08-04 18:58:58,mavantwout,"[""6D-prediction"",""20-predictions"",""20-step-ahead"",""single_run"",""4-year"",""shifted30"",""seed1""]",90,1,5_imputations_combined,KO,0.07717335650107102,316.16,/home/nfs/mavantwout/thesis_datasets/Dataset3/Missing90/KO_Shifted_30ahead_m90.csv
EX2-187,2021-08-04 18:58:19,mavantwout,"[""single_run"",""20-predictions"",""6D-prediction"",""4-year"",""seed1"",""20-step-ahead"",""shifted30""]",33,1,5_imputations_combined,KO,0.006237219961748909,332.218,/home/nfs/mavantwout/thesis_datasets/Dataset3/Missing33/KO_Shifted_30ahead_m33.csv
EX2-186,2021-08-04 18:58:17,mavantwout,"[""single_run"",""shifted30"",""seed2"",""2D-prediction"",""20-step-ahead"",""20-predictions"",""4-year""]",33,2,forwardfill,MSFT,0.016584333805819553,317.271,/home/nfs/mavantwout/thesis_datasets/Dataset3/Missing33/MSFT_Shifted_30ahead_m33.csv
EX2-185,2021-08-04 18:58:08,mavantwout,"[""20-step-ahead"",""4-year"",""single_run"",""seed0"",""20-predictions"",""shifted30"",""2D-prediction""]",33,0,meanlast260,KO,0.005919060320743145,312.61,/home/nfs/mavantwout/thesis_datasets/Dataset3/Missing33/KO_Shifted_30ahead_m33.csv
EX2-184,2021-08-04 18:56:39,mavantwout,"[""shifted30"",""20-step-ahead"",""20-predictions"",""single_run"",""2D-prediction"",""seed0"",""4-year""]",33,0,forwardfill,KO,0.0062763171422344265,282.539,/home/nfs/mavantwout/thesis_datasets/Dataset3/Missing33/KO_Shifted_30ahead_m33.csv
EX2-183,2021-08-04 18:56:39,mavantwout,"[""4-year"",""20-predictions"",""seed0"",""6D-prediction"",""shifted30"",""20-step-ahead"",""single_run""]",985,0,5_imputations_combined,KO,0.005917165746642461,282.679,/home/nfs/mavantwout/thesis_datasets/Dataset3/Missing985/KO_Shifted_30ahead_m985.csv
EX2-182,2021-08-04 18:56:09,mavantwout,"[""single_run"",""4-year"",""20-step-ahead"",""seed0"",""20-predictions"",""shifted30"",""2D-prediction""]",33,0,globalmean,KO,0.006127844074191414,336.414,/home/nfs/mavantwout/thesis_datasets/Dataset3/Missing33/KO_Shifted_30ahead_m33.csv
EX2-181,2021-08-04 18:53:31,mavantwout,"[""6D-prediction"",""20-predictions"",""20-step-ahead"",""single_run"",""4-year"",""seed0"",""shifted30""]",90,0,5_imputations_combined,KO,0.006210575625031064,321.875,/home/nfs/mavantwout/thesis_datasets/Dataset3/Missing90/KO_Shifted_30ahead_m90.csv
EX2-180,2021-08-04 18:53:00,mavantwout,"[""single_run"",""shifted30"",""2D-prediction"",""20-step-ahead"",""20-predictions"",""4-year"",""seed1""]",33,1,forwardfill,MSFT,0.029151371831130413,316.752,/home/nfs/mavantwout/thesis_datasets/Dataset3/Missing33/MSFT_Shifted_30ahead_m33.csv
EX2-179,2021-08-04 18:52:39,mavantwout,"[""seed0"",""single_run"",""20-predictions"",""6D-prediction"",""4-year"",""20-step-ahead"",""shifted30""]",33,0,5_imputations_combined,KO,0.009283430013823037,338.018,/home/nfs/mavantwout/thesis_datasets/Dataset3/Missing33/KO_Shifted_30ahead_m33.csv
EX2-178,2021-08-04 18:47:37,mavantwout,"[""single_run"",""seed0"",""shifted30"",""2D-prediction"",""20-step-ahead"",""20-predictions"",""4-year""]",33,0,forwardfill,MSFT,0.04846424759857333,322.354,/home/nfs/mavantwout/thesis_datasets/Dataset3/Missing33/MSFT_Shifted_30ahead_m33.csv
EX2-177,2021-08-04 16:07:22,mavantwout,"[""20-step-ahead"",""seed4"",""single_run"",""4-year"",""20-predictions"",""shifted30"",""2D-prediction""]",90,4,linearfit260,MSFT,0.04547719506365335,106.392,/home/nfs/mavantwout/thesis_datasets/Dataset3/Missing90/MSFT_Shifted_30ahead_m90.csv
EX2-176,2021-08-04 16:07:22,mavantwout,"[""shifted30"",""single_run"",""2D-prediction"",""4-year"",""20-predictions"",""seed4"",""20-step-ahead""]",90,4,cubicfit260,MSFT,0.020226537460145275,106.334,/home/nfs/mavantwout/thesis_datasets/Dataset3/Missing90/MSFT_Shifted_30ahead_m90.csv
EX2-175,2021-08-04 16:06:57,mavantwout,"[""20-step-ahead"",""4-year"",""single_run"",""20-predictions"",""shifted30"",""2D-prediction"",""seed4""]",90,4,meanlast260,MSFT,0.02421828133389135,101.114,/home/nfs/mavantwout/thesis_datasets/Dataset3/Missing90/MSFT_Shifted_30ahead_m90.csv
EX2-174,2021-08-04 16:06:56,mavantwout,"[""4-year"",""20-predictions"",""2D-prediction"",""seed4"",""single_run"",""shifted30"",""20-step-ahead""]",33,4,globalmean,MSFT,0.07289072542705421,101.218,/home/nfs/mavantwout/thesis_datasets/Dataset3/Missing33/MSFT_Shifted_30ahead_m33.csv
EX2-173,2021-08-04 16:06:55,mavantwout,"[""20-predictions"",""single_run"",""20-step-ahead"",""seed4"",""2D-prediction"",""shifted30"",""4-year""]",33,4,cubicfit260,MSFT,0.032686312403934895,101.325,/home/nfs/mavantwout/thesis_datasets/Dataset3/Missing33/MSFT_Shifted_30ahead_m33.csv
EX2-172,2021-08-04 16:06:51,mavantwout,"[""20-step-ahead"",""20-predictions"",""shifted30"",""seed4"",""2D-prediction"",""single_run"",""4-year""]",33,4,meanlast260,MSFT,0.02806571074837172,96.376,/home/nfs/mavantwout/thesis_datasets/Dataset3/Missing33/MSFT_Shifted_30ahead_m33.csv
EX2-171,2021-08-04 16:06:51,mavantwout,"[""2D-prediction"",""single_run"",""20-predictions"",""seed4"",""4-year"",""shifted30"",""20-step-ahead""]",33,4,linearfit260,MSFT,0.0240308765223646,96.386,/home/nfs/mavantwout/thesis_datasets/Dataset3/Missing33/MSFT_Shifted_30ahead_m33.csv
EX2-170,2021-08-04 16:06:35,mavantwout,"[""shifted30"",""20-predictions"",""2D-prediction"",""4-year"",""seed4"",""20-step-ahead"",""single_run""]",90,4,globalmean,MSFT,0.027963351168323446,96.723,/home/nfs/mavantwout/thesis_datasets/Dataset3/Missing90/MSFT_Shifted_30ahead_m90.csv
EX2-169,2021-08-04 16:06:22,mavantwout,"[""seed4"",""single_run"",""20-step-ahead"",""4-year"",""2D-prediction"",""shifted30"",""20-predictions""]",90,4,forwardfill,MSFT,0.13325107094531013,91.131,/home/nfs/mavantwout/thesis_datasets/Dataset3/Missing90/MSFT_Shifted_30ahead_m90.csv
EX2-168,2021-08-04 16:05:35,mavantwout,"[""seed3"",""shifted30"",""single_run"",""2D-prediction"",""4-year"",""20-predictions"",""20-step-ahead""]",90,3,cubicfit260,MSFT,0.01923258341745005,106.447,/home/nfs/mavantwout/thesis_datasets/Dataset3/Missing90/MSFT_Shifted_30ahead_m90.csv
EX2-167,2021-08-04 16:05:35,mavantwout,"[""20-step-ahead"",""single_run"",""4-year"",""20-predictions"",""seed3"",""shifted30"",""2D-prediction""]",90,3,linearfit260,MSFT,0.04028375883178893,106.882,/home/nfs/mavantwout/thesis_datasets/Dataset3/Missing90/MSFT_Shifted_30ahead_m90.csv
EX2-166,2021-08-04 16:05:15,mavantwout,"[""20-step-ahead"",""4-year"",""single_run"",""20-predictions"",""shifted30"",""2D-prediction"",""seed3""]",90,3,meanlast260,MSFT,0.022872033082924854,101.501,/home/nfs/mavantwout/thesis_datasets/Dataset3/Missing90/MSFT_Shifted_30ahead_m90.csv
EX2-165,2021-08-04 16:05:14,mavantwout,"[""20-predictions"",""single_run"",""20-step-ahead"",""seed3"",""2D-prediction"",""shifted30"",""4-year""]",33,3,cubicfit260,MSFT,0.031451916676870875,101.237,/home/nfs/mavantwout/thesis_datasets/Dataset3/Missing33/MSFT_Shifted_30ahead_m33.csv
EX2-164,2021-08-04 16:05:14,mavantwout,"[""4-year"",""20-predictions"",""2D-prediction"",""single_run"",""shifted30"",""20-step-ahead"",""seed3""]",33,3,globalmean,MSFT,0.029364305527694957,101.624,/home/nfs/mavantwout/thesis_datasets/Dataset3/Missing33/MSFT_Shifted_30ahead_m33.csv
EX2-163,2021-08-04 16:05:09,mavantwout,"[""2D-prediction"",""single_run"",""20-predictions"",""seed3"",""4-year"",""shifted30"",""20-step-ahead""]",33,3,linearfit260,MSFT,0.023745700766350245,96.718,/home/nfs/mavantwout/thesis_datasets/Dataset3/Missing33/MSFT_Shifted_30ahead_m33.csv
EX2-162,2021-08-04 16:05:09,mavantwout,"[""20-step-ahead"",""seed3"",""20-predictions"",""shifted30"",""2D-prediction"",""single_run"",""4-year""]",33,3,meanlast260,MSFT,0.024837856580407013,96.377,/home/nfs/mavantwout/thesis_datasets/Dataset3/Missing33/MSFT_Shifted_30ahead_m33.csv
EX2-161,2021-08-04 16:04:59,mavantwout,"[""shifted30"",""20-predictions"",""2D-prediction"",""4-year"",""seed3"",""20-step-ahead"",""single_run""]",90,3,globalmean,MSFT,0.01902789500095239,91.192,/home/nfs/mavantwout/thesis_datasets/Dataset3/Missing90/MSFT_Shifted_30ahead_m90.csv
EX2-160,2021-08-04 16:04:50,mavantwout,"[""seed3"",""single_run"",""20-step-ahead"",""4-year"",""2D-prediction"",""shifted30"",""20-predictions""]",90,3,forwardfill,MSFT,0.019915863238675197,91.219,/home/nfs/mavantwout/thesis_datasets/Dataset3/Missing90/MSFT_Shifted_30ahead_m90.csv
EX2-159,2021-08-04 16:03:47,mavantwout,"[""shifted30"",""single_run"",""seed2"",""2D-prediction"",""4-year"",""20-predictions"",""20-step-ahead""]",90,2,cubicfit260,MSFT,0.020547637435462944,107.055,/home/nfs/mavantwout/thesis_datasets/Dataset3/Missing90/MSFT_Shifted_30ahead_m90.csv
EX2-158,2021-08-04 16:03:47,mavantwout,"[""20-step-ahead"",""single_run"",""4-year"",""20-predictions"",""seed2"",""shifted30"",""2D-prediction""]",90,2,linearfit260,MSFT,0.021292631464282882,107.057,/home/nfs/mavantwout/thesis_datasets/Dataset3/Missing90/MSFT_Shifted_30ahead_m90.csv
EX2-157,2021-08-04 16:03:33,mavantwout,"[""20-step-ahead"",""4-year"",""single_run"",""20-predictions"",""shifted30"",""2D-prediction"",""seed2""]",90,2,meanlast260,MSFT,0.026162044435335617,101.488,/home/nfs/mavantwout/thesis_datasets/Dataset3/Missing90/MSFT_Shifted_30ahead_m90.csv
EX2-156,2021-08-04 16:03:32,mavantwout,"[""4-year"",""20-predictions"",""2D-prediction"",""single_run"",""shifted30"",""seed2"",""20-step-ahead""]",33,2,globalmean,MSFT,0.029163000898070352,101.686,/home/nfs/mavantwout/thesis_datasets/Dataset3/Missing33/MSFT_Shifted_30ahead_m33.csv
EX2-155,2021-08-04 16:03:32,mavantwout,"[""20-step-ahead"",""20-predictions"",""shifted30"",""seed2"",""2D-prediction"",""single_run"",""4-year""]",33,2,meanlast260,MSFT,0.016526877519860952,96.27,/home/nfs/mavantwout/thesis_datasets/Dataset3/Missing33/MSFT_Shifted_30ahead_m33.csv
EX2-154,2021-08-04 16:03:32,mavantwout,"[""20-predictions"",""single_run"",""20-step-ahead"",""2D-prediction"",""shifted30"",""seed2"",""4-year""]",33,2,cubicfit260,MSFT,0.03861471629404887,101.27,/home/nfs/mavantwout/thesis_datasets/Dataset3/Missing33/MSFT_Shifted_30ahead_m33.csv
EX2-153,2021-08-04 16:03:32,mavantwout,"[""2D-prediction"",""single_run"",""seed2"",""20-predictions"",""4-year"",""shifted30"",""20-step-ahead""]",33,2,linearfit260,MSFT,0.02603657975004945,96.853,/home/nfs/mavantwout/thesis_datasets/Dataset3/Missing33/MSFT_Shifted_30ahead_m33.csv
EX2-152,2021-08-04 16:03:22,mavantwout,"[""shifted30"",""seed2"",""20-predictions"",""2D-prediction"",""4-year"",""20-step-ahead"",""single_run""]",90,2,globalmean,MSFT,0.025909428816074297,96.416,/home/nfs/mavantwout/thesis_datasets/Dataset3/Missing90/MSFT_Shifted_30ahead_m90.csv
EX2-151,2021-08-04 16:03:18,mavantwout,"[""single_run"",""20-step-ahead"",""4-year"",""2D-prediction"",""shifted30"",""seed2"",""20-predictions""]",90,2,forwardfill,MSFT,0.06800019158666856,91.395,/home/nfs/mavantwout/thesis_datasets/Dataset3/Missing90/MSFT_Shifted_30ahead_m90.csv
EX2-150,2021-08-04 16:02:00,mavantwout,"[""seed1"",""shifted30"",""single_run"",""2D-prediction"",""4-year"",""20-predictions"",""20-step-ahead""]",90,1,cubicfit260,MSFT,0.017281261901224226,106.264,/home/nfs/mavantwout/thesis_datasets/Dataset3/Missing90/MSFT_Shifted_30ahead_m90.csv
EX2-149,2021-08-04 16:02:00,mavantwout,"[""20-step-ahead"",""seed1"",""single_run"",""4-year"",""20-predictions"",""shifted30"",""2D-prediction""]",90,1,linearfit260,MSFT,0.07427374399483047,106.335,/home/nfs/mavantwout/thesis_datasets/Dataset3/Missing90/MSFT_Shifted_30ahead_m90.csv
EX2-148,2021-08-04 16:01:51,mavantwout,"[""20-step-ahead"",""4-year"",""single_run"",""seed1"",""20-predictions"",""shifted30"",""2D-prediction""]",90,1,meanlast260,MSFT,0.060612784406070055,101.465,/home/nfs/mavantwout/thesis_datasets/Dataset3/Missing90/MSFT_Shifted_30ahead_m90.csv
EX2-147,2021-08-04 16:01:50,mavantwout,"[""seed1"",""2D-prediction"",""single_run"",""20-predictions"",""4-year"",""shifted30"",""20-step-ahead""]",33,1,linearfit260,MSFT,0.026730710840913142,96.488,/home/nfs/mavantwout/thesis_datasets/Dataset3/Missing33/MSFT_Shifted_30ahead_m33.csv
EX2-146,2021-08-04 16:01:50,mavantwout,"[""20-step-ahead"",""seed1"",""20-predictions"",""shifted30"",""2D-prediction"",""single_run"",""4-year""]",33,1,meanlast260,MSFT,0.016510396556665856,96.323,/home/nfs/mavantwout/thesis_datasets/Dataset3/Missing33/MSFT_Shifted_30ahead_m33.csv
EX2-145,2021-08-04 16:01:50,mavantwout,"[""4-year"",""20-predictions"",""2D-prediction"",""single_run"",""shifted30"",""seed1"",""20-step-ahead""]",33,1,globalmean,MSFT,0.08008319948019002,101.48,/home/nfs/mavantwout/thesis_datasets/Dataset3/Missing33/MSFT_Shifted_30ahead_m33.csv
EX2-144,2021-08-04 16:01:50,mavantwout,"[""20-predictions"",""single_run"",""20-step-ahead"",""2D-prediction"",""shifted30"",""seed1"",""4-year""]",33,1,cubicfit260,MSFT,0.027020349920120923,101.623,/home/nfs/mavantwout/thesis_datasets/Dataset3/Missing33/MSFT_Shifted_30ahead_m33.csv
EX2-143,2021-08-04 16:01:45,mavantwout,"[""seed1"",""single_run"",""20-step-ahead"",""4-year"",""2D-prediction"",""shifted30"",""20-predictions""]",90,1,forwardfill,MSFT,0.0841081803191315,92.211,/home/nfs/mavantwout/thesis_datasets/Dataset3/Missing90/MSFT_Shifted_30ahead_m90.csv
EX2-142,2021-08-04 16:01:45,mavantwout,"[""shifted30"",""20-predictions"",""2D-prediction"",""4-year"",""seed1"",""20-step-ahead"",""single_run""]",90,1,globalmean,MSFT,0.023135642258383063,92.211,/home/nfs/mavantwout/thesis_datasets/Dataset3/Missing90/MSFT_Shifted_30ahead_m90.csv
EX2-141,2021-08-04 16:00:03,mavantwout,"[""seed0"",""2D-prediction"",""single_run"",""20-predictions"",""4-year"",""shifted30"",""20-step-ahead""]",33,0,linearfit260,MSFT,0.025948127003360362,106.526,/home/nfs/mavantwout/thesis_datasets/Dataset3/Missing33/MSFT_Shifted_30ahead_m33.csv
EX2-140,2021-08-04 16:00:03,mavantwout,"[""20-step-ahead"",""20-predictions"",""shifted30"",""2D-prediction"",""single_run"",""seed0"",""4-year""]",33,0,meanlast260,MSFT,0.019793402563612776,106.772,/home/nfs/mavantwout/thesis_datasets/Dataset3/Missing33/MSFT_Shifted_30ahead_m33.csv
EX2-139,2021-08-04 16:00:03,mavantwout,"[""4-year"",""20-predictions"",""2D-prediction"",""single_run"",""shifted30"",""20-step-ahead"",""seed0""]",33,0,globalmean,MSFT,0.03939399016953169,106.913,/home/nfs/mavantwout/thesis_datasets/Dataset3/Missing33/MSFT_Shifted_30ahead_m33.csv
EX2-137,2021-08-04 16:00:03,mavantwout,"[""20-step-ahead"",""seed0"",""single_run"",""4-year"",""20-predictions"",""shifted30"",""2D-prediction""]",90,0,linearfit260,MSFT,0.021821660080331977,111.768,/home/nfs/mavantwout/thesis_datasets/Dataset3/Missing90/MSFT_Shifted_30ahead_m90.csv
EX2-136,2021-08-04 16:00:03,mavantwout,"[""20-predictions"",""single_run"",""20-step-ahead"",""2D-prediction"",""shifted30"",""seed0"",""4-year""]",33,0,cubicfit260,MSFT,0.027940847934326784,106.642,/home/nfs/mavantwout/thesis_datasets/Dataset3/Missing33/MSFT_Shifted_30ahead_m33.csv
EX2-135,2021-08-04 16:00:03,mavantwout,"[""seed0"",""shifted30"",""single_run"",""2D-prediction"",""4-year"",""20-predictions"",""20-step-ahead""]",90,0,cubicfit260,MSFT,0.01921117744207973,111.705,/home/nfs/mavantwout/thesis_datasets/Dataset3/Missing90/MSFT_Shifted_30ahead_m90.csv
EX2-134,2021-08-04 16:00:03,mavantwout,"[""20-step-ahead"",""4-year"",""single_run"",""20-predictions"",""shifted30"",""2D-prediction"",""seed0""]",90,0,meanlast260,MSFT,0.021767370739191737,106.852,/home/nfs/mavantwout/thesis_datasets/Dataset3/Missing90/MSFT_Shifted_30ahead_m90.csv
EX2-133,2021-08-04 16:00:03,mavantwout,"[""shifted30"",""20-predictions"",""seed0"",""2D-prediction"",""4-year"",""20-step-ahead"",""single_run""]",90,0,globalmean,MSFT,0.024990717362648823,101.895,/home/nfs/mavantwout/thesis_datasets/Dataset3/Missing90/MSFT_Shifted_30ahead_m90.csv
EX2-132,2021-08-04 16:00:03,mavantwout,"[""seed0"",""single_run"",""20-step-ahead"",""4-year"",""2D-prediction"",""shifted30"",""20-predictions""]",90,0,forwardfill,MSFT,0.01662213782854652,101.849,/home/nfs/mavantwout/thesis_datasets/Dataset3/Missing90/MSFT_Shifted_30ahead_m90.csv
EX2-131,2021-08-04 15:59:27,mavantwout,"[""single_run"",""shifted30"",""20-predictions"",""seed4"",""2D-prediction"",""20-step-ahead"",""4-year""]",985,4,cubicfit260,MSFT,0.023271650994733672,106.625,/home/nfs/mavantwout/thesis_datasets/Dataset3/Missing985/MSFT_Shifted_30ahead_m985.csv
EX2-130,2021-08-04 15:57:39,mavantwout,"[""single_run"",""shifted30"",""20-predictions"",""seed3"",""2D-prediction"",""20-step-ahead"",""4-year""]",985,3,cubicfit260,MSFT,0.06139830171547998,106.592,/home/nfs/mavantwout/thesis_datasets/Dataset3/Missing985/MSFT_Shifted_30ahead_m985.csv
EX2-129,2021-08-04 15:55:53,mavantwout,"[""single_run"",""shifted30"",""20-predictions"",""seed2"",""2D-prediction"",""20-step-ahead"",""4-year""]",985,2,cubicfit260,MSFT,0.021354984673188727,106.296,/home/nfs/mavantwout/thesis_datasets/Dataset3/Missing985/MSFT_Shifted_30ahead_m985.csv
EX2-128,2021-08-04 15:54:06,mavantwout,"[""single_run"",""shifted30"",""20-predictions"",""2D-prediction"",""20-step-ahead"",""seed1"",""4-year""]",985,1,cubicfit260,MSFT,0.014406822736348818,106.099,/home/nfs/mavantwout/thesis_datasets/Dataset3/Missing985/MSFT_Shifted_30ahead_m985.csv
EX2-127,2021-08-04 15:52:14,mavantwout,"[""single_run"",""shifted30"",""20-predictions"",""seed0"",""2D-prediction"",""20-step-ahead"",""4-year""]",985,0,cubicfit260,MSFT,0.1474290277163535,111.514,/home/nfs/mavantwout/thesis_datasets/Dataset3/Missing985/MSFT_Shifted_30ahead_m985.csv
EX2-126,2021-08-04 15:50:04,mavantwout,"[""20-step-ahead"",""20-predictions"",""seed4"",""4-year"",""shifted30"",""2D-prediction"",""single_run""]",985,4,linearfit260,MSFT,0.03533009148357791,106.377,/home/nfs/mavantwout/thesis_datasets/Dataset3/Missing985/MSFT_Shifted_30ahead_m985.csv
EX2-125,2021-08-04 15:48:22,mavantwout,"[""20-step-ahead"",""20-predictions"",""seed3"",""4-year"",""shifted30"",""2D-prediction"",""single_run""]",985,3,linearfit260,MSFT,0.022865041606629395,101.393,/home/nfs/mavantwout/thesis_datasets/Dataset3/Missing985/MSFT_Shifted_30ahead_m985.csv
EX2-124,2021-08-04 15:46:31,mavantwout,"[""20-step-ahead"",""20-predictions"",""4-year"",""seed2"",""shifted30"",""2D-prediction"",""single_run""]",985,2,linearfit260,MSFT,0.061375514375684094,111.121,/home/nfs/mavantwout/thesis_datasets/Dataset3/Missing985/MSFT_Shifted_30ahead_m985.csv
EX2-123,2021-08-04 15:46:04,mavantwout,"[""seed4"",""2D-prediction"",""single_run"",""20-predictions"",""4-year"",""shifted30"",""20-step-ahead""]",985,4,meanlast260,MSFT,0.01908931751670467,111.761,/home/nfs/mavantwout/thesis_datasets/Dataset3/Missing985/MSFT_Shifted_30ahead_m985.csv
EX2-122,2021-08-04 15:44:39,mavantwout,"[""20-step-ahead"",""20-predictions"",""4-year"",""seed1"",""shifted30"",""2D-prediction"",""single_run""]",985,1,linearfit260,MSFT,0.02117982668753942,111.234,/home/nfs/mavantwout/thesis_datasets/Dataset3/Missing985/MSFT_Shifted_30ahead_m985.csv
EX2-121,2021-08-04 15:44:12,mavantwout,"[""seed3"",""2D-prediction"",""single_run"",""20-predictions"",""4-year"",""shifted30"",""20-step-ahead""]",985,3,meanlast260,MSFT,0.029728678652558616,111.304,/home/nfs/mavantwout/thesis_datasets/Dataset3/Missing985/MSFT_Shifted_30ahead_m985.csv
EX2-120,2021-08-04 15:42:42,mavantwout,"[""20-step-ahead"",""20-predictions"",""4-year"",""seed0"",""shifted30"",""2D-prediction"",""single_run""]",985,0,linearfit260,MSFT,0.02339247349220659,116.513,/home/nfs/mavantwout/thesis_datasets/Dataset3/Missing985/MSFT_Shifted_30ahead_m985.csv
EX2-119,2021-08-04 15:42:25,mavantwout,"[""2D-prediction"",""single_run"",""20-predictions"",""4-year"",""shifted30"",""20-step-ahead"",""seed2""]",985,2,meanlast260,MSFT,0.021921772602426677,106.23,/home/nfs/mavantwout/thesis_datasets/Dataset3/Missing985/MSFT_Shifted_30ahead_m985.csv
EX2-118,2021-08-04 15:40:38,mavantwout,"[""2D-prediction"",""single_run"",""seed1"",""20-predictions"",""4-year"",""shifted30"",""20-step-ahead""]",985,1,meanlast260,MSFT,0.021749769502711132,106.197,/home/nfs/mavantwout/thesis_datasets/Dataset3/Missing985/MSFT_Shifted_30ahead_m985.csv
EX2-117,2021-08-04 15:40:09,mavantwout,"[""4-year"",""20-predictions"",""shifted30"",""single_run"",""20-step-ahead"",""seed4"",""2D-prediction""]",985,4,globalmean,MSFT,0.024639500108910986,111.291,/home/nfs/mavantwout/thesis_datasets/Dataset3/Missing985/MSFT_Shifted_30ahead_m985.csv
EX2-116,2021-08-04 15:38:42,mavantwout,"[""2D-prediction"",""single_run"",""20-predictions"",""4-year"",""seed0"",""shifted30"",""20-step-ahead""]",985,0,meanlast260,MSFT,0.024678991363620083,116.235,/home/nfs/mavantwout/thesis_datasets/Dataset3/Missing985/MSFT_Shifted_30ahead_m985.csv
EX2-115,2021-08-04 15:38:22,mavantwout,"[""4-year"",""20-predictions"",""shifted30"",""single_run"",""20-step-ahead"",""seed3"",""2D-prediction""]",985,3,globalmean,MSFT,0.01967678844538137,106.552,/home/nfs/mavantwout/thesis_datasets/Dataset3/Missing985/MSFT_Shifted_30ahead_m985.csv
EX2-114,2021-08-04 15:36:30,mavantwout,"[""4-year"",""20-predictions"",""shifted30"",""single_run"",""20-step-ahead"",""seed2"",""2D-prediction""]",985,2,globalmean,MSFT,0.02240478600802904,111.272,/home/nfs/mavantwout/thesis_datasets/Dataset3/Missing985/MSFT_Shifted_30ahead_m985.csv
EX2-113,2021-08-04 15:36:13,mavantwout,"[""4-year"",""20-step-ahead"",""20-predictions"",""2D-prediction"",""single_run"",""seed4"",""shifted30""]",985,4,forwardfill,MSFT,0.0221379128639052,111.671,/home/nfs/mavantwout/thesis_datasets/Dataset3/Missing985/MSFT_Shifted_30ahead_m985.csv
EX2-112,2021-08-04 15:34:38,mavantwout,"[""4-year"",""20-predictions"",""seed1"",""shifted30"",""single_run"",""20-step-ahead"",""2D-prediction""]",985,1,globalmean,MSFT,0.023775656465912506,111.808,/home/nfs/mavantwout/thesis_datasets/Dataset3/Missing985/MSFT_Shifted_30ahead_m985.csv
EX2-111,2021-08-04 15:34:22,mavantwout,"[""4-year"",""20-step-ahead"",""20-predictions"",""2D-prediction"",""seed3"",""single_run"",""shifted30""]",985,3,forwardfill,MSFT,0.020345444657613947,111.236,/home/nfs/mavantwout/thesis_datasets/Dataset3/Missing985/MSFT_Shifted_30ahead_m985.csv
EX2-110,2021-08-04 15:32:41,mavantwout,"[""4-year"",""20-predictions"",""shifted30"",""single_run"",""20-step-ahead"",""seed0"",""2D-prediction""]",985,0,globalmean,MSFT,0.15131582293084153,116.711,/home/nfs/mavantwout/thesis_datasets/Dataset3/Missing985/MSFT_Shifted_30ahead_m985.csv
EX2-109,2021-08-04 15:32:30,mavantwout,"[""4-year"",""20-step-ahead"",""20-predictions"",""2D-prediction"",""single_run"",""seed2"",""shifted30""]",985,2,forwardfill,MSFT,0.021597599012337522,111.316,/home/nfs/mavantwout/thesis_datasets/Dataset3/Missing985/MSFT_Shifted_30ahead_m985.csv
EX2-108,2021-08-04 15:30:43,mavantwout,"[""4-year"",""20-step-ahead"",""20-predictions"",""2D-prediction"",""single_run"",""seed1"",""shifted30""]",985,1,forwardfill,MSFT,0.023327616371075867,101.846,/home/nfs/mavantwout/thesis_datasets/Dataset3/Missing985/MSFT_Shifted_30ahead_m985.csv
EX2-107,2021-08-04 15:28:35,mavantwout,"[""4-year"",""20-step-ahead"",""20-predictions"",""2D-prediction"",""seed0"",""single_run"",""shifted30""]",985,0,forwardfill,MSFT,0.023396982682360574,126.706,/home/nfs/mavantwout/thesis_datasets/Dataset3/Missing985/MSFT_Shifted_30ahead_m985.csv
EX2-106,2021-08-04 15:10:24,mavantwout,"[""seed4"",""shifted30"",""20-step-ahead"",""4-year"",""6D-prediction"",""single_run"",""20-predictions""]",33,4,5_imputations_combined,MSFT,0.019816813666563172,101.484,/home/nfs/mavantwout/thesis_datasets/Dataset3/Missing33/MSFT_Shifted_30ahead_m33.csv
EX2-105,2021-08-04 15:08:42,mavantwout,"[""seed3"",""shifted30"",""20-step-ahead"",""4-year"",""6D-prediction"",""single_run"",""20-predictions""]",33,3,5_imputations_combined,MSFT,0.02278008970087997,101.369,/home/nfs/mavantwout/thesis_datasets/Dataset3/Missing33/MSFT_Shifted_30ahead_m33.csv
EX2-104,2021-08-04 15:07:00,mavantwout,"[""shifted30"",""20-step-ahead"",""4-year"",""6D-prediction"",""single_run"",""seed2"",""20-predictions""]",33,2,5_imputations_combined,MSFT,0.022582847704138386,101.579,/home/nfs/mavantwout/thesis_datasets/Dataset3/Missing33/MSFT_Shifted_30ahead_m33.csv
EX2-103,2021-08-04 15:05:13,mavantwout,"[""shifted30"",""20-step-ahead"",""4-year"",""6D-prediction"",""single_run"",""seed1"",""20-predictions""]",33,1,5_imputations_combined,MSFT,0.021429875789546183,106.623,/home/nfs/mavantwout/thesis_datasets/Dataset3/Missing33/MSFT_Shifted_30ahead_m33.csv
EX2-102,2021-08-04 15:03:16,mavantwout,"[""seed0"",""shifted30"",""20-step-ahead"",""4-year"",""6D-prediction"",""single_run"",""20-predictions""]",33,0,5_imputations_combined,MSFT,0.02372703626652164,112.039,/home/nfs/mavantwout/thesis_datasets/Dataset3/Missing33/MSFT_Shifted_30ahead_m33.csv
EX2-101,2021-08-04 14:41:55,mavantwout,"[""6D-prediction"",""20-step-ahead"",""20-predictions"",""single_run"",""shifted30"",""seed4"",""4-year""]",90,4,5_imputations_combined,MSFT,0.018260082594657633,91.359,/home/nfs/mavantwout/thesis_datasets/Dataset3/Missing90/MSFT_Shifted_30ahead_m90.csv
EX2-100,2021-08-04 14:41:17,mavantwout,"[""seed4"",""20-predictions"",""4-year"",""6D-prediction"",""single_run"",""shifted30"",""20-step-ahead""]",985,4,5_imputations_combined,MSFT,0.021022934980300743,91.196,/home/nfs/mavantwout/thesis_datasets/Dataset3/Missing985/MSFT_Shifted_30ahead_m985.csv
EX2-99,2021-08-04 14:40:23,mavantwout,"[""6D-prediction"",""20-step-ahead"",""20-predictions"",""single_run"",""shifted30"",""4-year"",""seed3""]",90,3,5_imputations_combined,MSFT,0.018740094897847955,91.734,/home/nfs/mavantwout/thesis_datasets/Dataset3/Missing90/MSFT_Shifted_30ahead_m90.csv
EX2-98,2021-08-04 14:39:40,mavantwout,"[""20-predictions"",""4-year"",""6D-prediction"",""single_run"",""seed3"",""shifted30"",""20-step-ahead""]",985,3,5_imputations_combined,MSFT,0.02146594837303057,91.482,/home/nfs/mavantwout/thesis_datasets/Dataset3/Missing985/MSFT_Shifted_30ahead_m985.csv
EX2-97,2021-08-04 14:38:51,mavantwout,"[""6D-prediction"",""20-step-ahead"",""20-predictions"",""single_run"",""shifted30"",""4-year"",""seed2""]",90,2,5_imputations_combined,MSFT,0.019233585416620545,91.484,/home/nfs/mavantwout/thesis_datasets/Dataset3/Missing90/MSFT_Shifted_30ahead_m90.csv
EX2-96,2021-08-04 14:38:03,mavantwout,"[""20-predictions"",""4-year"",""6D-prediction"",""single_run"",""seed2"",""shifted30"",""20-step-ahead""]",985,2,5_imputations_combined,MSFT,0.020918148554764152,91.404,/home/nfs/mavantwout/thesis_datasets/Dataset3/Missing985/MSFT_Shifted_30ahead_m985.csv
EX2-95,2021-08-04 14:37:19,mavantwout,"[""6D-prediction"",""20-step-ahead"",""20-predictions"",""single_run"",""shifted30"",""4-year"",""seed1""]",90,1,5_imputations_combined,MSFT,0.016803792758161136,91.41,/home/nfs/mavantwout/thesis_datasets/Dataset3/Missing90/MSFT_Shifted_30ahead_m90.csv
EX2-94,2021-08-04 14:36:26,mavantwout,"[""20-predictions"",""seed1"",""4-year"",""6D-prediction"",""single_run"",""shifted30"",""20-step-ahead""]",985,1,5_imputations_combined,MSFT,0.020481313434905907,96.716,/home/nfs/mavantwout/thesis_datasets/Dataset3/Missing985/MSFT_Shifted_30ahead_m985.csv
EX2-92,2021-08-04 14:35:41,mavantwout,"[""6D-prediction"",""20-step-ahead"",""20-predictions"",""seed0"",""single_run"",""shifted30"",""4-year""]",90,0,5_imputations_combined,MSFT,0.0540600109995073,96.502,/home/nfs/mavantwout/thesis_datasets/Dataset3/Missing90/MSFT_Shifted_30ahead_m90.csv
EX2-91,2021-08-04 14:34:44,mavantwout,"[""20-predictions"",""4-year"",""6D-prediction"",""single_run"",""seed0"",""shifted30"",""20-step-ahead""]",985,0,5_imputations_combined,MSFT,0.02373243967237543,96.901,/home/nfs/mavantwout/thesis_datasets/Dataset3/Missing985/MSFT_Shifted_30ahead_m985.csv
EX2-90,2021-08-04 12:09:58,mavantwout,"[""seed4"",""4-year"",""20-predictions"",""2D-prediction"",""20-step-ahead"",""shifted30"",""single_run""]",985,4,linearfit260,AAPL,0.024320464477765945,1101.3,/home/nfs/mavantwout/thesis_datasets/Dataset3/Missing985/AAPL_Shifted_30ahead_m985.csv
EX2-89,2021-08-04 12:09:06,mavantwout,"[""4-year"",""20-predictions"",""single_run"",""seed4"",""shifted30"",""2D-prediction"",""20-step-ahead""]",985,4,globalmean,AAPL,0.028800823120180535,1130.989,/home/nfs/mavantwout/thesis_datasets/Dataset3/Missing985/AAPL_Shifted_30ahead_m985.csv
EX2-88,2021-08-04 12:08:48,mavantwout,"[""seed4"",""shifted30"",""20-predictions"",""2D-prediction"",""20-step-ahead"",""single_run"",""4-year""]",985,4,forwardfill,AAPL,0.02116363895092112,1137.654,/home/nfs/mavantwout/thesis_datasets/Dataset3/Missing985/AAPL_Shifted_30ahead_m985.csv
EX2-87,2021-08-04 12:06:23,mavantwout,"[""seed4"",""20-step-ahead"",""shifted30"",""single_run"",""2D-prediction"",""20-predictions"",""4-year""]",985,4,meanlast260,AAPL,0.032725301781788806,1072.196,/home/nfs/mavantwout/thesis_datasets/Dataset3/Missing985/AAPL_Shifted_30ahead_m985.csv
EX2-86,2021-08-04 12:05:54,mavantwout,"[""seed4"",""4-year"",""20-predictions"",""single_run"",""20-step-ahead"",""6D-prediction"",""shifted30""]",985,4,5_imputations_combined,AAPL,0.010890010740619894,1071.367,/home/nfs/mavantwout/thesis_datasets/Dataset3/Missing985/AAPL_Shifted_30ahead_m985.csv
EX2-85,2021-08-04 12:05:30,mavantwout,"[""20-step-ahead"",""single_run"",""seed4"",""4-year"",""shifted30"",""2D-prediction"",""20-predictions""]",985,4,cubicfit260,AAPL,0.022493512707224037,1036.807,/home/nfs/mavantwout/thesis_datasets/Dataset3/Missing985/AAPL_Shifted_30ahead_m985.csv
EX2-84,2021-08-04 12:00:47,mavantwout,"[""20-predictions"",""single_run"",""shifted30"",""seed4"",""6D-prediction"",""20-step-ahead"",""4-year""]",90,4,5_imputations_combined,AAPL,0.011372733831202032,1171.107,/home/nfs/mavantwout/thesis_datasets/Dataset3/Missing90/AAPL_Shifted_30ahead_m90.csv
EX2-83,2021-08-04 11:58:50,mavantwout,"[""20-predictions"",""shifted30"",""20-step-ahead"",""single_run"",""2D-prediction"",""seed4"",""4-year""]",90,4,forwardfill,AAPL,0.012665257319809827,1096.476,/home/nfs/mavantwout/thesis_datasets/Dataset3/Missing90/AAPL_Shifted_30ahead_m90.csv
EX2-82,2021-08-04 11:58:24,mavantwout,"[""seed4"",""4-year"",""shifted30"",""20-predictions"",""single_run"",""2D-prediction"",""20-step-ahead""]",90,4,globalmean,AAPL,0.033249720522175556,1081.855,/home/nfs/mavantwout/thesis_datasets/Dataset3/Missing90/AAPL_Shifted_30ahead_m90.csv
EX2-81,2021-08-04 11:57:52,mavantwout,"[""single_run"",""seed4"",""4-year"",""2D-prediction"",""20-step-ahead"",""shifted30"",""20-predictions""]",90,4,cubicfit260,AAPL,0.03209836662034577,1086.222,/home/nfs/mavantwout/thesis_datasets/Dataset3/Missing90/AAPL_Shifted_30ahead_m90.csv
EX2-80,2021-08-04 11:57:48,mavantwout,"[""20-step-ahead"",""2D-prediction"",""20-predictions"",""single_run"",""seed4"",""shifted30"",""4-year""]",90,4,linearfit260,AAPL,0.01859377092725689,1091.432,/home/nfs/mavantwout/thesis_datasets/Dataset3/Missing90/AAPL_Shifted_30ahead_m90.csv
EX2-79,2021-08-04 11:56:40,mavantwout,"[""4-year"",""20-predictions"",""shifted30"",""2D-prediction"",""seed4"",""20-step-ahead"",""single_run""]",90,4,meanlast260,AAPL,0.046495939396402265,1066.558,/home/nfs/mavantwout/thesis_datasets/Dataset3/Missing90/AAPL_Shifted_30ahead_m90.csv
EX2-78,2021-08-04 11:51:35,mavantwout,"[""4-year"",""20-predictions"",""2D-prediction"",""20-step-ahead"",""seed3"",""shifted30"",""single_run""]",985,3,linearfit260,AAPL,0.022009431092925892,1102.144,/home/nfs/mavantwout/thesis_datasets/Dataset3/Missing985/AAPL_Shifted_30ahead_m985.csv
EX2-77,2021-08-04 11:50:18,mavantwout,"[""4-year"",""20-predictions"",""single_run"",""shifted30"",""2D-prediction"",""20-step-ahead"",""seed3""]",985,3,globalmean,AAPL,0.030974480698033307,1126.671,/home/nfs/mavantwout/thesis_datasets/Dataset3/Missing985/AAPL_Shifted_30ahead_m985.csv
EX2-76,2021-08-04 11:49:35,mavantwout,"[""shifted30"",""20-predictions"",""seed3"",""2D-prediction"",""20-step-ahead"",""single_run"",""4-year""]",985,3,forwardfill,AAPL,0.01823958574907037,1146.622,/home/nfs/mavantwout/thesis_datasets/Dataset3/Missing985/AAPL_Shifted_30ahead_m985.csv
EX2-75,2021-08-04 11:48:33,mavantwout,"[""seed3"",""20-step-ahead"",""shifted30"",""single_run"",""2D-prediction"",""20-predictions"",""4-year""]",985,3,meanlast260,AAPL,0.032729437556829354,1069.821,/home/nfs/mavantwout/thesis_datasets/Dataset3/Missing985/AAPL_Shifted_30ahead_m985.csv
EX2-74,2021-08-04 11:48:08,mavantwout,"[""20-step-ahead"",""seed3"",""single_run"",""4-year"",""shifted30"",""2D-prediction"",""20-predictions""]",985,3,cubicfit260,AAPL,0.020609018781292836,1041.245,/home/nfs/mavantwout/thesis_datasets/Dataset3/Missing985/AAPL_Shifted_30ahead_m985.csv
EX2-73,2021-08-04 11:48:01,mavantwout,"[""seed3"",""4-year"",""20-predictions"",""single_run"",""20-step-ahead"",""6D-prediction"",""shifted30""]",985,3,5_imputations_combined,AAPL,0.011297114615546448,1071.441,/home/nfs/mavantwout/thesis_datasets/Dataset3/Missing985/AAPL_Shifted_30ahead_m985.csv
EX2-72,2021-08-04 11:41:10,mavantwout,"[""20-predictions"",""single_run"",""shifted30"",""6D-prediction"",""20-step-ahead"",""4-year"",""seed3""]",90,3,5_imputations_combined,AAPL,0.01279360216786615,1176.538,/home/nfs/mavantwout/thesis_datasets/Dataset3/Missing90/AAPL_Shifted_30ahead_m90.csv
EX2-71,2021-08-04 11:41:01,mavantwout,"[""4-year"",""20-predictions"",""2D-prediction"",""seed4"",""20-step-ahead"",""single_run"",""shifted30""]",33,4,cubicfit260,AAPL,0.021676879168818212,1156.266,/home/nfs/mavantwout/thesis_datasets/Dataset3/Missing33/AAPL_Shifted_30ahead_m33.csv
EX2-70,2021-08-04 11:40:47,mavantwout,"[""20-predictions"",""shifted30"",""20-step-ahead"",""seed3"",""single_run"",""2D-prediction"",""4-year""]",90,3,forwardfill,AAPL,0.01103567407115266,1081.793,/home/nfs/mavantwout/thesis_datasets/Dataset3/Missing90/AAPL_Shifted_30ahead_m90.csv
EX2-69,2021-08-04 11:40:32,mavantwout,"[""4-year"",""shifted30"",""20-predictions"",""single_run"",""seed3"",""2D-prediction"",""20-step-ahead""]",90,3,globalmean,AAPL,0.03569782071635032,1071.265,/home/nfs/mavantwout/thesis_datasets/Dataset3/Missing90/AAPL_Shifted_30ahead_m90.csv
EX2-68,2021-08-04 11:40:09,mavantwout,"[""4-year"",""single_run"",""2D-prediction"",""20-step-ahead"",""seed4"",""20-predictions"",""shifted30""]",33,4,globalmean,AAPL,0.016177968747403407,1146.315,/home/nfs/mavantwout/thesis_datasets/Dataset3/Missing33/AAPL_Shifted_30ahead_m33.csv
EX2-67,2021-08-04 11:39:51,mavantwout,"[""20-step-ahead"",""2D-prediction"",""20-predictions"",""single_run"",""shifted30"",""4-year"",""seed3""]",90,3,linearfit260,AAPL,0.012732794370224445,1076.411,/home/nfs/mavantwout/thesis_datasets/Dataset3/Missing90/AAPL_Shifted_30ahead_m90.csv
EX2-66,2021-08-04 11:39:45,mavantwout,"[""single_run"",""seed3"",""4-year"",""2D-prediction"",""20-step-ahead"",""shifted30"",""20-predictions""]",90,3,cubicfit260,AAPL,0.028161104302005892,1082.043,/home/nfs/mavantwout/thesis_datasets/Dataset3/Missing90/AAPL_Shifted_30ahead_m90.csv
EX2-65,2021-08-04 11:39:37,mavantwout,"[""single_run"",""4-year"",""seed4"",""20-step-ahead"",""2D-prediction"",""20-predictions"",""shifted30""]",33,4,linearfit260,AAPL,0.012608298561421524,1136.503,/home/nfs/mavantwout/thesis_datasets/Dataset3/Missing33/AAPL_Shifted_30ahead_m33.csv
EX2-64,2021-08-04 11:39:03,mavantwout,"[""4-year"",""20-predictions"",""shifted30"",""2D-prediction"",""seed3"",""20-step-ahead"",""single_run""]",90,3,meanlast260,AAPL,0.04451801269807657,1056.33,/home/nfs/mavantwout/thesis_datasets/Dataset3/Missing90/AAPL_Shifted_30ahead_m90.csv
EX2-63,2021-08-04 11:38:55,mavantwout,"[""20-step-ahead"",""seed4"",""2D-prediction"",""single_run"",""4-year"",""20-predictions"",""shifted30""]",33,4,meanlast260,AAPL,0.02280648544361954,1130.976,/home/nfs/mavantwout/thesis_datasets/Dataset3/Missing33/AAPL_Shifted_30ahead_m33.csv
EX2-62,2021-08-04 11:37:21,mavantwout,"[""20-predictions"",""single_run"",""20-step-ahead"",""4-year"",""shifted30"",""seed4"",""6D-prediction""]",33,4,5_imputations_combined,AAPL,0.01202785680243982,1146.341,/home/nfs/mavantwout/thesis_datasets/Dataset3/Missing33/AAPL_Shifted_30ahead_m33.csv
EX2-61,2021-08-04 11:37:20,mavantwout,"[""single_run"",""20-predictions"",""seed4"",""20-step-ahead"",""shifted30"",""4-year"",""2D-prediction""]",33,4,forwardfill,AAPL,0.013444075282863715,1103.16,/home/nfs/mavantwout/thesis_datasets/Dataset3/Missing33/AAPL_Shifted_30ahead_m33.csv
EX2-60,2021-08-04 11:32:33,mavantwout,"[""seed2"",""4-year"",""20-predictions"",""2D-prediction"",""20-step-ahead"",""shifted30"",""single_run""]",985,2,linearfit260,AAPL,0.02412196335890952,1141.542,/home/nfs/mavantwout/thesis_datasets/Dataset3/Missing985/AAPL_Shifted_30ahead_m985.csv
EX2-59,2021-08-04 11:31:37,mavantwout,"[""4-year"",""20-predictions"",""single_run"",""shifted30"",""seed2"",""2D-prediction"",""20-step-ahead""]",985,2,globalmean,AAPL,0.030283279306411816,1118.892,/home/nfs/mavantwout/thesis_datasets/Dataset3/Missing985/AAPL_Shifted_30ahead_m985.csv
EX2-58,2021-08-04 11:30:38,mavantwout,"[""seed2"",""shifted30"",""20-predictions"",""2D-prediction"",""20-step-ahead"",""single_run"",""4-year""]",985,2,forwardfill,AAPL,0.020851258517613457,1136.99,/home/nfs/mavantwout/thesis_datasets/Dataset3/Missing985/AAPL_Shifted_30ahead_m985.csv
EX2-57,2021-08-04 11:30:27,mavantwout,"[""seed2"",""20-step-ahead"",""shifted30"",""single_run"",""2D-prediction"",""20-predictions"",""4-year""]",985,2,meanlast260,AAPL,0.03371992307491294,1086.281,/home/nfs/mavantwout/thesis_datasets/Dataset3/Missing985/AAPL_Shifted_30ahead_m985.csv
EX2-56,2021-08-04 11:30:11,mavantwout,"[""20-step-ahead"",""single_run"",""seed2"",""4-year"",""shifted30"",""2D-prediction"",""20-predictions""]",985,2,cubicfit260,AAPL,0.022575941552154182,1076.195,/home/nfs/mavantwout/thesis_datasets/Dataset3/Missing985/AAPL_Shifted_30ahead_m985.csv
EX2-55,2021-08-04 11:29:58,mavantwout,"[""4-year"",""20-predictions"",""single_run"",""20-step-ahead"",""6D-prediction"",""seed2"",""shifted30""]",985,2,5_imputations_combined,AAPL,0.011103420628378248,1081.201,/home/nfs/mavantwout/thesis_datasets/Dataset3/Missing985/AAPL_Shifted_30ahead_m985.csv
EX2-54,2021-08-04 11:22:36,mavantwout,"[""seed2"",""20-predictions"",""shifted30"",""20-step-ahead"",""single_run"",""2D-prediction"",""4-year""]",90,2,forwardfill,AAPL,0.012600604347876368,1086.685,/home/nfs/mavantwout/thesis_datasets/Dataset3/Missing90/AAPL_Shifted_30ahead_m90.csv
EX2-53,2021-08-04 11:22:24,mavantwout,"[""4-year"",""shifted30"",""20-predictions"",""single_run"",""2D-prediction"",""seed2"",""20-step-ahead""]",90,2,globalmean,AAPL,0.03511117329300226,1086.945,/home/nfs/mavantwout/thesis_datasets/Dataset3/Missing90/AAPL_Shifted_30ahead_m90.csv
EX2-52,2021-08-04 11:22:00,mavantwout,"[""20-step-ahead"",""2D-prediction"",""20-predictions"",""seed2"",""single_run"",""shifted30"",""4-year""]",90,2,linearfit260,AAPL,0.016005801647695196,1071.297,/home/nfs/mavantwout/thesis_datasets/Dataset3/Missing90/AAPL_Shifted_30ahead_m90.csv
EX2-51,2021-08-04 11:21:43,mavantwout,"[""20-predictions"",""single_run"",""shifted30"",""seed2"",""6D-prediction"",""20-step-ahead"",""4-year""]",90,2,5_imputations_combined,AAPL,0.010865967754869034,1166.788,/home/nfs/mavantwout/thesis_datasets/Dataset3/Missing90/AAPL_Shifted_30ahead_m90.csv
EX2-50,2021-08-04 11:21:43,mavantwout,"[""4-year"",""20-predictions"",""2D-prediction"",""20-step-ahead"",""seed3"",""single_run"",""shifted30""]",33,3,cubicfit260,AAPL,0.016150252768628085,1156.771,/home/nfs/mavantwout/thesis_datasets/Dataset3/Missing33/AAPL_Shifted_30ahead_m33.csv
EX2-49,2021-08-04 11:21:41,mavantwout,"[""single_run"",""4-year"",""seed2"",""2D-prediction"",""20-step-ahead"",""shifted30"",""20-predictions""]",90,2,cubicfit260,AAPL,0.03207114989783817,1082.212,/home/nfs/mavantwout/thesis_datasets/Dataset3/Missing90/AAPL_Shifted_30ahead_m90.csv
EX2-48,2021-08-04 11:21:31,mavantwout,"[""4-year"",""20-predictions"",""shifted30"",""2D-prediction"",""20-step-ahead"",""single_run"",""seed2""]",90,2,meanlast260,AAPL,0.048160258009154897,1051.56,/home/nfs/mavantwout/thesis_datasets/Dataset3/Missing90/AAPL_Shifted_30ahead_m90.csv
EX2-47,2021-08-04 11:20:57,mavantwout,"[""4-year"",""single_run"",""2D-prediction"",""20-step-ahead"",""seed3"",""20-predictions"",""shifted30""]",33,3,globalmean,AAPL,0.013799047238220044,1151.239,/home/nfs/mavantwout/thesis_datasets/Dataset3/Missing33/AAPL_Shifted_30ahead_m33.csv
EX2-46,2021-08-04 11:20:35,mavantwout,"[""seed3"",""single_run"",""4-year"",""20-step-ahead"",""2D-prediction"",""20-predictions"",""shifted30""]",33,3,linearfit260,AAPL,0.01851846220287469,1141.903,/home/nfs/mavantwout/thesis_datasets/Dataset3/Missing33/AAPL_Shifted_30ahead_m33.csv
EX2-45,2021-08-04 11:20:03,mavantwout,"[""20-step-ahead"",""2D-prediction"",""single_run"",""4-year"",""20-predictions"",""seed3"",""shifted30""]",33,3,meanlast260,AAPL,0.016612664296229533,1131.419,/home/nfs/mavantwout/thesis_datasets/Dataset3/Missing33/AAPL_Shifted_30ahead_m33.csv
EX2-44,2021-08-04 11:18:53,mavantwout,"[""single_run"",""20-predictions"",""seed3"",""20-step-ahead"",""shifted30"",""4-year"",""2D-prediction""]",33,3,forwardfill,AAPL,0.011531834361410252,1106.136,/home/nfs/mavantwout/thesis_datasets/Dataset3/Missing33/AAPL_Shifted_30ahead_m33.csv
EX2-43,2021-08-04 11:18:13,mavantwout,"[""20-predictions"",""single_run"",""20-step-ahead"",""4-year"",""shifted30"",""seed3"",""6D-prediction""]",33,3,5_imputations_combined,AAPL,0.013359187632779879,1142.582,/home/nfs/mavantwout/thesis_datasets/Dataset3/Missing33/AAPL_Shifted_30ahead_m33.csv
EX2-42,2021-08-04 11:13:21,mavantwout,"[""seed1"",""4-year"",""20-predictions"",""2D-prediction"",""20-step-ahead"",""shifted30"",""single_run""]",985,1,linearfit260,AAPL,0.021984646610520468,1146.552,/home/nfs/mavantwout/thesis_datasets/Dataset3/Missing985/AAPL_Shifted_30ahead_m985.csv
EX2-41,2021-08-04 11:12:42,mavantwout,"[""4-year"",""20-predictions"",""single_run"",""shifted30"",""2D-prediction"",""20-step-ahead"",""seed1""]",985,1,globalmean,AAPL,0.02634981198501638,1133.633,/home/nfs/mavantwout/thesis_datasets/Dataset3/Missing985/AAPL_Shifted_30ahead_m985.csv
EX2-40,2021-08-04 11:12:15,mavantwout,"[""20-step-ahead"",""shifted30"",""single_run"",""2D-prediction"",""20-predictions"",""4-year"",""seed1""]",985,1,meanlast260,AAPL,0.028762009626025774,1091.357,/home/nfs/mavantwout/thesis_datasets/Dataset3/Missing985/AAPL_Shifted_30ahead_m985.csv
EX2-39,2021-08-04 11:12:14,mavantwout,"[""20-step-ahead"",""seed1"",""single_run"",""4-year"",""shifted30"",""2D-prediction"",""20-predictions""]",985,1,cubicfit260,AAPL,0.021960804146164727,1076.18,/home/nfs/mavantwout/thesis_datasets/Dataset3/Missing985/AAPL_Shifted_30ahead_m985.csv
EX2-38,2021-08-04 11:12:06,mavantwout,"[""4-year"",""20-predictions"",""single_run"",""20-step-ahead"",""6D-prediction"",""seed1"",""shifted30""]",985,1,5_imputations_combined,AAPL,0.011039905898758928,1071.595,/home/nfs/mavantwout/thesis_datasets/Dataset3/Missing985/AAPL_Shifted_30ahead_m985.csv
EX2-37,2021-08-04 11:11:31,mavantwout,"[""seed1"",""shifted30"",""20-predictions"",""2D-prediction"",""20-step-ahead"",""single_run"",""4-year""]",985,1,forwardfill,AAPL,0.019403035089662367,1146.362,/home/nfs/mavantwout/thesis_datasets/Dataset3/Missing985/AAPL_Shifted_30ahead_m985.csv
EX2-36,2021-08-04 11:04:13,mavantwout,"[""seed1"",""20-predictions"",""shifted30"",""20-step-ahead"",""single_run"",""2D-prediction"",""4-year""]",90,1,forwardfill,AAPL,0.011941305555460031,1101.356,/home/nfs/mavantwout/thesis_datasets/Dataset3/Missing90/AAPL_Shifted_30ahead_m90.csv
EX2-35,2021-08-04 11:04:08,mavantwout,"[""4-year"",""shifted30"",""20-predictions"",""single_run"",""seed1"",""2D-prediction"",""20-step-ahead""]",90,1,globalmean,AAPL,0.030975093404957632,1096.177,/home/nfs/mavantwout/thesis_datasets/Dataset3/Missing90/AAPL_Shifted_30ahead_m90.csv
EX2-34,2021-08-04 11:03:53,mavantwout,"[""20-step-ahead"",""2D-prediction"",""20-predictions"",""seed1"",""single_run"",""shifted30"",""4-year""]",90,1,linearfit260,AAPL,0.014290984936490978,1086.477,/home/nfs/mavantwout/thesis_datasets/Dataset3/Missing90/AAPL_Shifted_30ahead_m90.csv
EX2-33,2021-08-04 11:03:44,mavantwout,"[""4-year"",""20-predictions"",""seed1"",""shifted30"",""2D-prediction"",""20-step-ahead"",""single_run""]",90,1,meanlast260,AAPL,0.0442081815365647,1066.29,/home/nfs/mavantwout/thesis_datasets/Dataset3/Missing90/AAPL_Shifted_30ahead_m90.csv
EX2-32,2021-08-04 11:03:35,mavantwout,"[""single_run"",""4-year"",""2D-prediction"",""20-step-ahead"",""shifted30"",""seed1"",""20-predictions""]",90,1,cubicfit260,AAPL,0.030286828997150773,1086.111,/home/nfs/mavantwout/thesis_datasets/Dataset3/Missing90/AAPL_Shifted_30ahead_m90.csv
EX2-31,2021-08-04 11:02:21,mavantwout,"[""4-year"",""20-predictions"",""seed2"",""2D-prediction"",""20-step-ahead"",""single_run"",""shifted30""]",33,2,cubicfit260,AAPL,0.02046127453667132,1161.329,/home/nfs/mavantwout/thesis_datasets/Dataset3/Missing33/AAPL_Shifted_30ahead_m33.csv
EX2-30,2021-08-04 11:01:47,mavantwout,"[""20-predictions"",""single_run"",""shifted30"",""6D-prediction"",""20-step-ahead"",""4-year"",""seed1""]",90,1,5_imputations_combined,AAPL,0.012842553548752444,1196.48,/home/nfs/mavantwout/thesis_datasets/Dataset3/Missing90/AAPL_Shifted_30ahead_m90.csv
EX2-29,2021-08-04 11:01:44,mavantwout,"[""4-year"",""single_run"",""2D-prediction"",""20-step-ahead"",""seed2"",""20-predictions"",""shifted30""]",33,2,globalmean,AAPL,0.016116913887171434,1153.392,/home/nfs/mavantwout/thesis_datasets/Dataset3/Missing33/AAPL_Shifted_30ahead_m33.csv
EX2-28,2021-08-04 11:01:33,mavantwout,"[""single_run"",""4-year"",""20-step-ahead"",""2D-prediction"",""20-predictions"",""seed2"",""shifted30""]",33,2,linearfit260,AAPL,0.013907886667622146,1136.42,/home/nfs/mavantwout/thesis_datasets/Dataset3/Missing33/AAPL_Shifted_30ahead_m33.csv
EX2-27,2021-08-04 11:01:10,mavantwout,"[""20-step-ahead"",""2D-prediction"",""single_run"",""4-year"",""seed2"",""20-predictions"",""shifted30""]",33,2,meanlast260,AAPL,0.021231448090219703,1131.66,/home/nfs/mavantwout/thesis_datasets/Dataset3/Missing33/AAPL_Shifted_30ahead_m33.csv
EX2-26,2021-08-04 11:00:20,mavantwout,"[""single_run"",""20-predictions"",""20-step-ahead"",""shifted30"",""seed2"",""4-year"",""2D-prediction""]",33,2,forwardfill,AAPL,0.013170318225564758,1111.552,/home/nfs/mavantwout/thesis_datasets/Dataset3/Missing33/AAPL_Shifted_30ahead_m33.csv
EX2-25,2021-08-04 10:59:06,mavantwout,"[""20-predictions"",""single_run"",""20-step-ahead"",""4-year"",""shifted30"",""seed2"",""6D-prediction""]",33,2,5_imputations_combined,AAPL,0.011653179212494745,1146.186,/home/nfs/mavantwout/thesis_datasets/Dataset3/Missing33/AAPL_Shifted_30ahead_m33.csv
EX2-24,2021-08-04 10:53:45,mavantwout,"[""20-step-ahead"",""single_run"",""4-year"",""seed0"",""shifted30"",""2D-prediction"",""20-predictions""]",985,0,cubicfit260,AAPL,0.023654094630925094,1103.347,/home/nfs/mavantwout/thesis_datasets/Dataset3/Missing985/AAPL_Shifted_30ahead_m985.csv
EX2-22,2021-08-04 10:53:38,mavantwout,"[""20-step-ahead"",""shifted30"",""single_run"",""2D-prediction"",""20-predictions"",""seed0"",""4-year""]",985,0,meanlast260,AAPL,0.03483604627421809,1116.671,/home/nfs/mavantwout/thesis_datasets/Dataset3/Missing985/AAPL_Shifted_30ahead_m985.csv
EX2-23,2021-08-04 10:53:38,mavantwout,"[""4-year"",""20-predictions"",""single_run"",""20-step-ahead"",""seed0"",""6D-prediction"",""shifted30""]",985,0,5_imputations_combined,AAPL,0.011225434171147523,1102.564,/home/nfs/mavantwout/thesis_datasets/Dataset3/Missing985/AAPL_Shifted_30ahead_m985.csv
EX2-21,2021-08-04 10:53:38,mavantwout,"[""4-year"",""20-predictions"",""2D-prediction"",""20-step-ahead"",""shifted30"",""single_run"",""seed0""]",985,0,linearfit260,AAPL,0.025302759740941518,1176.714,/home/nfs/mavantwout/thesis_datasets/Dataset3/Missing985/AAPL_Shifted_30ahead_m985.csv
EX2-20,2021-08-04 10:53:38,mavantwout,"[""seed0"",""4-year"",""20-predictions"",""single_run"",""shifted30"",""2D-prediction"",""20-step-ahead""]",985,0,globalmean,AAPL,0.032307636427796646,1137.11,/home/nfs/mavantwout/thesis_datasets/Dataset3/Missing985/AAPL_Shifted_30ahead_m985.csv
EX2-19,2021-08-04 10:52:38,mavantwout,"[""shifted30"",""20-predictions"",""2D-prediction"",""20-step-ahead"",""seed0"",""single_run"",""4-year""]",985,0,forwardfill,AAPL,0.021868078475352423,1131.726,/home/nfs/mavantwout/thesis_datasets/Dataset3/Missing985/AAPL_Shifted_30ahead_m985.csv
EX2-18,2021-08-04 10:45:36,mavantwout,"[""seed0"",""20-predictions"",""shifted30"",""20-step-ahead"",""single_run"",""2D-prediction"",""4-year""]",90,0,forwardfill,AAPL,0.011471005541818388,1116.307,/home/nfs/mavantwout/thesis_datasets/Dataset3/Missing90/AAPL_Shifted_30ahead_m90.csv
EX2-17,2021-08-04 10:45:36,mavantwout,"[""seed0"",""4-year"",""shifted30"",""20-predictions"",""single_run"",""2D-prediction"",""20-step-ahead""]",90,0,globalmean,AAPL,0.03765684215260874,1111.246,/home/nfs/mavantwout/thesis_datasets/Dataset3/Missing90/AAPL_Shifted_30ahead_m90.csv
EX2-16,2021-08-04 10:45:36,mavantwout,"[""20-step-ahead"",""2D-prediction"",""seed0"",""20-predictions"",""single_run"",""shifted30"",""4-year""]",90,0,linearfit260,AAPL,0.019218941773475058,1096.479,/home/nfs/mavantwout/thesis_datasets/Dataset3/Missing90/AAPL_Shifted_30ahead_m90.csv
EX2-15,2021-08-04 10:45:36,mavantwout,"[""4-year"",""20-predictions"",""shifted30"",""2D-prediction"",""seed0"",""20-step-ahead"",""single_run""]",90,0,meanlast260,AAPL,0.048172133919712784,1086.375,/home/nfs/mavantwout/thesis_datasets/Dataset3/Missing90/AAPL_Shifted_30ahead_m90.csv
EX2-14,2021-08-04 10:45:13,mavantwout,"[""single_run"",""4-year"",""2D-prediction"",""20-step-ahead"",""shifted30"",""seed0"",""20-predictions""]",90,0,cubicfit260,AAPL,0.031104754833918453,1096.469,/home/nfs/mavantwout/thesis_datasets/Dataset3/Missing90/AAPL_Shifted_30ahead_m90.csv
EX2-13,2021-08-04 10:43:09,mavantwout,"[""4-year"",""seed1"",""20-predictions"",""2D-prediction"",""20-step-ahead"",""single_run"",""shifted30""]",33,1,cubicfit260,AAPL,0.01882458531447459,1146.234,/home/nfs/mavantwout/thesis_datasets/Dataset3/Missing33/AAPL_Shifted_30ahead_m33.csv
EX2-12,2021-08-04 10:42:42,mavantwout,"[""single_run"",""4-year"",""seed1"",""20-step-ahead"",""2D-prediction"",""20-predictions"",""shifted30""]",33,1,linearfit260,AAPL,0.01598084466584465,1131.405,/home/nfs/mavantwout/thesis_datasets/Dataset3/Missing33/AAPL_Shifted_30ahead_m33.csv
EX2-11,2021-08-04 10:42:41,mavantwout,"[""4-year"",""single_run"",""2D-prediction"",""20-step-ahead"",""seed1"",""20-predictions"",""shifted30""]",33,1,globalmean,AAPL,0.013820310082888376,1142.126,/home/nfs/mavantwout/thesis_datasets/Dataset3/Missing33/AAPL_Shifted_30ahead_m33.csv
EX2-10,2021-08-04 10:42:28,mavantwout,"[""20-step-ahead"",""2D-prediction"",""single_run"",""4-year"",""20-predictions"",""seed1"",""shifted30""]",33,1,meanlast260,AAPL,0.018383566573701042,1121.217,/home/nfs/mavantwout/thesis_datasets/Dataset3/Missing33/AAPL_Shifted_30ahead_m33.csv
EX2-9,2021-08-04 10:42:05,mavantwout,"[""20-predictions"",""single_run"",""shifted30"",""6D-prediction"",""20-step-ahead"",""4-year"",""seed0""]",90,0,5_imputations_combined,AAPL,0.014643223094290924,1176.428,/home/nfs/mavantwout/thesis_datasets/Dataset3/Missing90/AAPL_Shifted_30ahead_m90.csv
EX2-8,2021-08-04 10:41:58,mavantwout,"[""single_run"",""20-predictions"",""seed1"",""20-step-ahead"",""shifted30"",""4-year"",""2D-prediction""]",33,1,forwardfill,AAPL,0.012163789302719604,1101.481,/home/nfs/mavantwout/thesis_datasets/Dataset3/Missing33/AAPL_Shifted_30ahead_m33.csv
EX2-7,2021-08-04 10:40:09,mavantwout,"[""20-predictions"",""single_run"",""20-step-ahead"",""4-year"",""seed1"",""shifted30"",""6D-prediction""]",33,1,5_imputations_combined,AAPL,0.015242978805867077,1136.678,/home/nfs/mavantwout/thesis_datasets/Dataset3/Missing33/AAPL_Shifted_30ahead_m33.csv
EX2-6,2021-08-04 10:24:07,mavantwout,"[""4-year"",""20-predictions"",""2D-prediction"",""20-step-ahead"",""single_run"",""shifted30"",""seed0""]",33,0,cubicfit260,AAPL,0.019116477280112773,1141.383,/home/nfs/mavantwout/thesis_datasets/Dataset3/Missing33/AAPL_Shifted_30ahead_m33.csv
EX2-5,2021-08-04 10:24:00,mavantwout,"[""single_run"",""4-year"",""20-step-ahead"",""2D-prediction"",""seed0"",""20-predictions"",""shifted30""]",33,0,linearfit260,AAPL,0.012686051266219214,1121.312,/home/nfs/mavantwout/thesis_datasets/Dataset3/Missing33/AAPL_Shifted_30ahead_m33.csv
EX2-4,2021-08-04 10:23:52,mavantwout,"[""20-step-ahead"",""2D-prediction"",""seed0"",""single_run"",""4-year"",""20-predictions"",""shifted30""]",33,0,meanlast260,AAPL,0.021814000198052234,1111.952,/home/nfs/mavantwout/thesis_datasets/Dataset3/Missing33/AAPL_Shifted_30ahead_m33.csv
EX2-3,2021-08-04 10:23:44,mavantwout,"[""4-year"",""single_run"",""2D-prediction"",""seed0"",""20-step-ahead"",""20-predictions"",""shifted30""]",33,0,globalmean,AAPL,0.015856701888442477,1136.524,/home/nfs/mavantwout/thesis_datasets/Dataset3/Missing33/AAPL_Shifted_30ahead_m33.csv
EX2-2,2021-08-04 10:23:35,mavantwout,"[""single_run"",""20-predictions"",""seed0"",""20-step-ahead"",""shifted30"",""4-year"",""2D-prediction""]",33,0,forwardfill,AAPL,0.012266284822133464,1101.694,/home/nfs/mavantwout/thesis_datasets/Dataset3/Missing33/AAPL_Shifted_30ahead_m33.csv
EX2-1,2021-08-04 10:21:11,mavantwout,"[""20-predictions"",""single_run"",""20-step-ahead"",""seed0"",""4-year"",""shifted30"",""6D-prediction""]",33,0,5_imputations_combined,AAPL,0.016481191590809068,1136.907,/home/nfs/mavantwout/thesis_datasets/Dataset3/Missing33/AAPL_Shifted_30ahead_m33.csv
